loc,loc_,loc_pair
G-10,488.0,"('G-10', 488.0)"
E-11,415.0,"('E-11', 415.0)"
G-15,493.0,"('G-15', 493.0)"
Bani Gala,211.0,"('Bani Gala', 211.0)"
DHA Defence,351.0,"('DHA Defence', 351.0)"
Ghauri Town,521.0,"('Ghauri Town', 521.0)"
Korang Town,834.0,"('Korang Town', 834.0)"
F-11,443.0,"('F-11', 443.0)"
Diplomatic Enclave,405.0,"('Diplomatic Enclave', 405.0)"
F-6,446.0,"('F-6', 446.0)"
B-17,181.0,"('B-17', 181.0)"
PWD Housing Scheme,1102.0,"('PWD Housing Scheme', 1102.0)"
G-11,489.0,"('G-11', 489.0)"
Bhara kahu,228.0,"('Bhara kahu', 228.0)"
Garden Town,509.0,"('Garden Town', 509.0)"
Koral Town,832.0,"('Koral Town', 832.0)"
Soan Garden,1373.0,"('Soan Garden', 1373.0)"
Blue Area,241.0,"('Blue Area', 241.0)"
F-7,447.0,"('F-7', 447.0)"
I-16,669.0,"('I-16', 669.0)"
E-7,420.0,"('E-7', 420.0)"
Pakistan Town,1108.0,"('Pakistan Town', 1108.0)"
Islamabad Expressway,697.0,"('Islamabad Expressway', 697.0)"
G-8,498.0,"('G-8', 498.0)"
Model Town,964.0,"('Model Town', 964.0)"
Multan Road,985.0,"('Multan Road', 985.0)"
Eden,423.0,"('Eden', 423.0)"
Gulberg,562.0,"('Gulberg', 562.0)"
Allama Iqbal Town,119.0,"('Allama Iqbal Town', 119.0)"
Military Accounts Housing Society,956.0,"('Military Accounts Housing Society', 956.0)"
EME Society,421.0,"('EME Society', 421.0)"
Izmir Town,709.0,"('Izmir Town', 709.0)"
Upper Mall,1456.0,"('Upper Mall', 1456.0)"
Cavalry Ground,273.0,"('Cavalry Ground', 273.0)"
Bahria Town,200.0,"('Bahria Town', 200.0)"
Askari,150.0,"('Askari', 150.0)"
Bedian Road,222.0,"('Bedian Road', 222.0)"
Agrics Town,35.0,"('Agrics Town', 35.0)"
Chaman Park,293.0,"('Chaman Park', 293.0)"
Chungi Amar Sadhu,315.0,"('Chungi Amar Sadhu', 315.0)"
GOR,501.0,"('GOR', 501.0)"
Karim Park,785.0,"('Karim Park', 785.0)"
Cantt,267.0,"('Cantt', 267.0)"
Valencia Housing Society,1460.0,"('Valencia Housing Society', 1460.0)"
Gulshan-e-Ravi,605.0,"('Gulshan-e-Ravi', 605.0)"
Al-Raheem Garden,99.0,"('Al-Raheem Garden', 99.0)"
Mateen Avenue,937.0,"('Mateen Avenue', 937.0)"
Paragon City,1113.0,"('Paragon City', 1113.0)"
IEP Engineers Town,674.0,"('IEP Engineers Town', 674.0)"
Muslim Town,997.0,"('Muslim Town', 997.0)"
Millat Town,960.0,"('Millat Town', 960.0)"
Raza Abad,1207.0,"('Raza Abad', 1207.0)"
Satiana Road,1291.0,"('Satiana Road', 1291.0)"
Humak,663.0,"('Humak', 663.0)"
Westridge,1483.0,"('Westridge', 1483.0)"
Bahria Town Rawalpindi,202.0,"('Bahria Town Rawalpindi', 202.0)"
Gulshan Abad,578.0,"('Gulshan Abad', 578.0)"
Media Town,943.0,"('Media Town', 943.0)"
Chaklala Scheme,288.0,"('Chaklala Scheme', 288.0)"
Chakri Road,292.0,"('Chakri Road', 292.0)"
Askari 14,156.0,"('Askari 14', 156.0)"
Askari 13,155.0,"('Askari 13', 155.0)"
Askari 12,154.0,"('Askari 12', 154.0)"
Judicial Colony,750.0,"('Judicial Colony', 750.0)"
Askari 10,152.0,"('Askari 10', 152.0)"
Gulshan-e-Iqbal,597.0,"('Gulshan-e-Iqbal', 597.0)"
Shalley Valley,1335.0,"('Shalley Valley', 1335.0)"
Chen One Road,308.0,"('Chen One Road', 308.0)"
Adiala Road,29.0,"('Adiala Road', 29.0)"
Chandni Chowk,294.0,"('Chandni Chowk', 294.0)"
Askari 15,157.0,"('Askari 15', 157.0)"
Gulistan-e-Jauhar,573.0,"('Gulistan-e-Jauhar', 573.0)"
Malir,912.0,"('Malir', 912.0)"
Gadap Town,505.0,"('Gadap Town', 505.0)"
Gulshan-e-Iqbal Town,598.0,"('Gulshan-e-Iqbal Town', 598.0)"
Scheme 33,1292.0,"('Scheme 33', 1292.0)"
Bath Island,217.0,"('Bath Island', 217.0)"
Abul Hassan Isphani Road,26.0,"('Abul Hassan Isphani Road', 26.0)"
Nazimabad,1035.0,"('Nazimabad', 1035.0)"
Falcon Complex Faisal,464.0,"('Falcon Complex Faisal', 464.0)"
Shahra-e-Faisal,1322.0,"('Shahra-e-Faisal', 1322.0)"
Gizri,529.0,"('Gizri', 529.0)"
Saddar Town,1249.0,"('Saddar Town', 1249.0)"
Federal B Area,476.0,"('Federal B Area', 476.0)"
North Karachi,1066.0,"('North Karachi', 1066.0)"
Emaar Canyon Views,434.0,"('Emaar Canyon Views', 434.0)"
D-17,345.0,"('D-17', 345.0)"
G-13,491.0,"('G-13', 491.0)"
F-17,445.0,"('F-17', 445.0)"
I-12,666.0,"('I-12', 666.0)"
F-10,442.0,"('F-10', 442.0)"
F-8,448.0,"('F-8', 448.0)"
Askari 7,162.0,"('Askari 7', 162.0)"
Architects Engineers Housing Society,138.0,"('Architects Engineers Housing Society', 138.0)"
Samanabad,1269.0,"('Samanabad', 1269.0)"
Mozang,982.0,"('Mozang', 982.0)"
Abdullahpur,21.0,"('Abdullahpur', 21.0)"
Dhok Kashmirian,384.0,"('Dhok Kashmirian', 384.0)"
Askari 4,160.0,"('Askari 4', 160.0)"
Askari 1,151.0,"('Askari 1', 151.0)"
Askari 3,159.0,"('Askari 3', 159.0)"
Askari 2,158.0,"('Askari 2', 158.0)"
Gulraiz Housing Scheme,577.0,"('Gulraiz Housing Scheme', 577.0)"
Navy Housing Scheme Karsaz,1027.0,"('Navy Housing Scheme Karsaz', 1027.0)"
Jamshed Town,724.0,"('Jamshed Town', 724.0)"
Bahria Town Karachi,201.0,"('Bahria Town Karachi', 201.0)"
Jinnah Avenue,744.0,"('Jinnah Avenue', 744.0)"
PAF Housing Scheme,1087.0,"('PAF Housing Scheme', 1087.0)"
North Nazimabad,1067.0,"('North Nazimabad', 1067.0)"
Kuri Road,843.0,"('Kuri Road', 843.0)"
Chatha Bakhtawar,299.0,"('Chatha Bakhtawar', 299.0)"
Airport Housing Society,52.0,"('Airport Housing Society', 52.0)"
Sultan Pura,1389.0,"('Sultan Pura', 1389.0)"
Sabzazar Scheme,1246.0,"('Sabzazar Scheme', 1246.0)"
T & T Aabpara Housing Society,1405.0,"('T & T Aabpara Housing Society', 1405.0)"
Al Faisal Town,62.0,"('Al Faisal Town', 62.0)"
Canal Garden,261.0,"('Canal Garden', 261.0)"
Muslim Nagar Housing Scheme,996.0,"('Muslim Nagar Housing Scheme', 996.0)"
Johar Town,747.0,"('Johar Town', 747.0)"
Tricon Village,1443.0,"('Tricon Village', 1443.0)"
PCSIR Housing Scheme,1092.0,"('PCSIR Housing Scheme', 1092.0)"
Pak Arab Housing Society,1104.0,"('Pak Arab Housing Society', 1104.0)"
Green Fort,547.0,"('Green Fort', 547.0)"
Wapda Town,1475.0,"('Wapda Town', 1475.0)"
State Life Housing Society,1380.0,"('State Life Housing Society', 1380.0)"
Wahdat Road,1468.0,"('Wahdat Road', 1468.0)"
DHA 11 Rahbar,348.0,"('DHA 11 Rahbar', 348.0)"
Shershah Colony - Raiwind Road,1351.0,"('Shershah Colony - Raiwind Road', 1351.0)"
Jaranwala Road,730.0,"('Jaranwala Road', 730.0)"
Wapda City,1473.0,"('Wapda City', 1473.0)"
Lalazar,866.0,"('Lalazar', 866.0)"
Askari 11,153.0,"('Askari 11', 153.0)"
Satellite Town,1290.0,"('Satellite Town', 1290.0)"
Al-Noor Colony,98.0,"('Al-Noor Colony', 98.0)"
Clifton,324.0,"('Clifton', 324.0)"
Northern Bypass,1068.0,"('Northern Bypass', 1068.0)"
Fazaia Housing Scheme,474.0,"('Fazaia Housing Scheme', 474.0)"
New Karachi,1047.0,"('New Karachi', 1047.0)"
Khalid Bin Walid Road,797.0,"('Khalid Bin Walid Road', 797.0)"
Shaheed Millat Road,1316.0,"('Shaheed Millat Road', 1316.0)"
Anda Mor Road,135.0,"('Anda Mor Road', 135.0)"
Lyari Town,891.0,"('Lyari Town', 891.0)"
I-11,665.0,"('I-11', 665.0)"
National Police Foundation O-9,1020.0,"('National Police Foundation O-9', 1020.0)"
Korang Road,833.0,"('Korang Road', 833.0)"
I-8,670.0,"('I-8', 670.0)"
Shah Allah Ditta,1303.0,"('Shah Allah Ditta', 1303.0)"
G-7,497.0,"('G-7', 497.0)"
Fazaia Colony,473.0,"('Fazaia Colony', 473.0)"
New Lalazar,1049.0,"('New Lalazar', 1049.0)"
Cricketer Villas,338.0,"('Cricketer Villas', 338.0)"
Rehman Villas,1217.0,"('Rehman Villas', 1217.0)"
Faisal Town,455.0,"('Faisal Town', 455.0)"
Harbanspura Road,643.0,"('Harbanspura Road', 643.0)"
Alfalah Town,103.0,"('Alfalah Town', 103.0)"
Punjab Govt Employees Society,1148.0,"('Punjab Govt Employees Society', 1148.0)"
Ashiana-e-Quaid Housing Scheme,143.0,"('Ashiana-e-Quaid Housing Scheme', 143.0)"
GT Road,502.0,"('GT Road', 502.0)"
Affandi Colony,30.0,"('Affandi Colony', 30.0)"
Sadiqabad,1251.0,"('Sadiqabad', 1251.0)"
Defence View Society,369.0,"('Defence View Society', 369.0)"
P & T Colony,1084.0,"('P & T Colony', 1084.0)"
Sea View Apartments,1294.0,"('Sea View Apartments', 1294.0)"
Tariq Road,1420.0,"('Tariq Road', 1420.0)"
Saddar,1248.0,"('Saddar', 1248.0)"
Shalimar Housing Scheme,1331.0,"('Shalimar Housing Scheme', 1331.0)"
Garrison Homes,513.0,"('Garrison Homes', 513.0)"
Khayaban-e-Amin,809.0,"('Khayaban-e-Amin', 809.0)"
Shahdara,1315.0,"('Shahdara', 1315.0)"
Iqbal Park,690.0,"('Iqbal Park', 690.0)"
Baldia Town,206.0,"('Baldia Town', 206.0)"
Lehtarar Road,879.0,"('Lehtarar Road', 879.0)"
G-9,499.0,"('G-9', 499.0)"
E-14,417.0,"('E-14', 417.0)"
Karakoram Diplomatic Enclave,780.0,"('Karakoram Diplomatic Enclave', 780.0)"
Paradise Valley,1112.0,"('Paradise Valley', 1112.0)"
Misryal Road,962.0,"('Misryal Road', 962.0)"
Model Colony,963.0,"('Model Colony', 963.0)"
Mustafa Town,1000.0,"('Mustafa Town', 1000.0)"
Walton Road,1472.0,"('Walton Road', 1472.0)"
New Super Town,1054.0,"('New Super Town', 1054.0)"
West Wood Housing Society,1482.0,"('West Wood Housing Society', 1482.0)"
Ghulam Mohammad Abad,527.0,"('Ghulam Mohammad Abad', 527.0)"
Liaquat Bagh,882.0,"('Liaquat Bagh', 882.0)"
Khayaban-e-Sir Syed,816.0,"('Khayaban-e-Sir Syed', 816.0)"
Zamzama,1499.0,"('Zamzama', 1499.0)"
Gulshan-e-Usman Housing Society,612.0,"('Gulshan-e-Usman Housing Society', 612.0)"
Liaquatabad,885.0,"('Liaquatabad', 885.0)"
Garden West,510.0,"('Garden West', 510.0)"
Palm Villas,1111.0,"('Palm Villas', 1111.0)"
Islampura,703.0,"('Islampura', 703.0)"
Mansoorah,926.0,"('Mansoorah', 926.0)"
Marghzar Officers Colony,930.0,"('Marghzar Officers Colony', 930.0)"
Mughalpura,984.0,"('Mughalpura', 984.0)"
Saggian,1254.0,"('Saggian', 1254.0)"
Rasool Park,1196.0,"('Rasool Park', 1196.0)"
Shoukat Town,1354.0,"('Shoukat Town', 1354.0)"
Al Hamra Town,67.0,"('Al Hamra Town', 67.0)"
Badami Bagh,188.0,"('Badami Bagh', 188.0)"
Gulistan Colony,569.0,"('Gulistan Colony', 569.0)"
Lahore Motorway City,856.0,"('Lahore Motorway City', 856.0)"
OPF Housing Scheme,1071.0,"('OPF Housing Scheme', 1071.0)"
Dharampura,375.0,"('Dharampura', 375.0)"
Ferozepur Road,479.0,"('Ferozepur Road', 479.0)"
Township,1441.0,"('Township', 1441.0)"
Babu Sabu,186.0,"('Babu Sabu', 186.0)"
Al Kareem Garden,73.0,"('Al Kareem Garden', 73.0)"
Nawab Town,1028.0,"('Nawab Town', 1028.0)"
Gulberg Town,563.0,"('Gulberg Town', 563.0)"
Chapal Uptown,298.0,"('Chapal Uptown', 298.0)"
I-14,668.0,"('I-14', 668.0)"
Tarlai,1422.0,"('Tarlai', 1422.0)"
Simly Dam Road,1362.0,"('Simly Dam Road', 1362.0)"
I-9,671.0,"('I-9', 671.0)"
Burma Town,249.0,"('Burma Town', 249.0)"
Naval Anchorage,1022.0,"('Naval Anchorage', 1022.0)"
Islamabad Highway,699.0,"('Islamabad Highway', 699.0)"
CBR Town,253.0,"('CBR Town', 253.0)"
The Springs,1433.0,"('The Springs', 1433.0)"
National Police Foundation,1019.0,"('National Police Foundation', 1019.0)"
Jhang Syedan,740.0,"('Jhang Syedan', 740.0)"
Arsalan Town,141.0,"('Arsalan Town', 141.0)"
Kashmir Highway,789.0,"('Kashmir Highway', 789.0)"
Usman Town,1458.0,"('Usman Town', 1458.0)"
Zulfiqar Colony,1507.0,"('Zulfiqar Colony', 1507.0)"
Gulbahar Scheme,561.0,"('Gulbahar Scheme', 561.0)"
Misri Shah,961.0,"('Misri Shah', 961.0)"
Punjab Small Industries Colony,1151.0,"('Punjab Small Industries Colony', 1151.0)"
Shalimar Link Road,1332.0,"('Shalimar Link Road', 1332.0)"
Airline Housing Society,48.0,"('Airline Housing Society', 48.0)"
Airport Road,53.0,"('Airport Road', 53.0)"
Ichhra,678.0,"('Ichhra', 678.0)"
Kamahan Road,773.0,"('Kamahan Road', 773.0)"
Mehmood Booti,948.0,"('Mehmood Booti', 948.0)"
Kot Lakhpat,838.0,"('Kot Lakhpat', 838.0)"
Pakki Thatti,1109.0,"('Pakki Thatti', 1109.0)"
Canal View,264.0,"('Canal View', 264.0)"
Al-Hafiz Town,87.0,"('Al-Hafiz Town', 87.0)"
Pir Naseer,1133.0,"('Pir Naseer', 1133.0)"
IBL Housing Scheme,673.0,"('IBL Housing Scheme', 673.0)"
Gulshan-e-Lahore,601.0,"('Gulshan-e-Lahore', 601.0)"
Qadri Colony,1154.0,"('Qadri Colony', 1154.0)"
Audit & Accounts Housing Society,170.0,"('Audit & Accounts Housing Society', 170.0)"
Tariq Gardens,1418.0,"('Tariq Gardens', 1418.0)"
Hameedpura,637.0,"('Hameedpura', 637.0)"
Empress Road,436.0,"('Empress Road', 436.0)"
Khayaban-e-Jinnah Road,813.0,"('Khayaban-e-Jinnah Road', 813.0)"
Ahmad Housing Society,41.0,"('Ahmad Housing Society', 41.0)"
Jallo Park Road,717.0,"('Jallo Park Road', 717.0)"
Green Cap Housing Society,545.0,"('Green Cap Housing Society', 545.0)"
Bismillah Housing Scheme,240.0,"('Bismillah Housing Scheme', 240.0)"
Fateh Garh,470.0,"('Fateh Garh', 470.0)"
Raiwind Road,1179.0,"('Raiwind Road', 1179.0)"
Jubilee Town,749.0,"('Jubilee Town', 749.0)"
Park View Villas,1118.0,"('Park View Villas', 1118.0)"
Sant Nagar,1280.0,"('Sant Nagar', 1280.0)"
Al Rehman Garden,82.0,"('Al Rehman Garden', 82.0)"
Harbanspura,642.0,"('Harbanspura', 642.0)"
Qazi Town,1161.0,"('Qazi Town', 1161.0)"
Madina Town,900.0,"('Madina Town', 900.0)"
Gulshan-e-Rafique,604.0,"('Gulshan-e-Rafique', 604.0)"
Rachna Town,1171.0,"('Rachna Town', 1171.0)"
Eden Valley,429.0,"('Eden Valley', 429.0)"
Ghalib City,519.0,"('Ghalib City', 519.0)"
Sargodha Road,1286.0,"('Sargodha Road', 1286.0)"
Samundari Road,1275.0,"('Samundari Road', 1275.0)"
Jaranwala,729.0,"('Jaranwala', 729.0)"
Peshawar Road,1128.0,"('Peshawar Road', 1128.0)"
Baloch Colony,207.0,"('Baloch Colony', 207.0)"
Manzoor Colony,927.0,"('Manzoor Colony', 927.0)"
Aisha Manzil,54.0,"('Aisha Manzil', 54.0)"
Delhi Colony,370.0,"('Delhi Colony', 370.0)"
Airport,49.0,"('Airport', 49.0)"
Jamshed Road,723.0,"('Jamshed Road', 723.0)"
I-10,664.0,"('I-10', 664.0)"
PWD Road,1103.0,"('PWD Road', 1103.0)"
Pir Sohawa,1134.0,"('Pir Sohawa', 1134.0)"
Motorway Chowk,980.0,"('Motorway Chowk', 980.0)"
Ali Pur,109.0,"('Ali Pur', 109.0)"
FECHS,451.0,"('FECHS', 451.0)"
Khanna Pul,800.0,"('Khanna Pul', 800.0)"
Shaheen Town,1318.0,"('Shaheen Town', 1318.0)"
Afshan Colony,32.0,"('Afshan Colony', 32.0)"
Ghous-e-Azam Road,525.0,"('Ghous-e-Azam Road', 525.0)"
Girja Road,528.0,"('Girja Road', 528.0)"
Dhoke Banaras Road,391.0,"('Dhoke Banaras Road', 391.0)"
PWD Colony,1101.0,"('PWD Colony', 1101.0)"
Gulzar-e-Quaid Housing Society,617.0,"('Gulzar-e-Quaid Housing Society', 617.0)"
Tulsa Road,1445.0,"('Tulsa Road', 1445.0)"
Chibban,310.0,"('Chibban', 310.0)"
Ayub Colony,172.0,"('Ayub Colony', 172.0)"
High Court Road,653.0,"('High Court Road', 653.0)"
Rawat,1204.0,"('Rawat', 1204.0)"
Shams Abad,1339.0,"('Shams Abad', 1339.0)"
Range Road,1191.0,"('Range Road', 1191.0)"
Committee Chowk,331.0,"('Committee Chowk', 331.0)"
Ashraf Garden,145.0,"('Ashraf Garden', 145.0)"
Al-Kabir Town,95.0,"('Al-Kabir Town', 95.0)"
Nishat Colony,1059.0,"('Nishat Colony', 1059.0)"
Main Canal Bank Road,904.0,"('Main Canal Bank Road', 904.0)"
College Road,328.0,"('College Road', 328.0)"
Aashiana Road,11.0,"('Aashiana Road', 11.0)"
Ali View Park,112.0,"('Ali View Park', 112.0)"
Divine Gardens,406.0,"('Divine Gardens', 406.0)"
Rail Town (Canal City),1174.0,"('Rail Town (Canal City)', 1174.0)"
Bahria Nasheman,198.0,"('Bahria Nasheman', 198.0)"
Ghaziabad,523.0,"('Ghaziabad', 523.0)"
Shadbagh,1298.0,"('Shadbagh', 1298.0)"
Kahna,762.0,"('Kahna', 762.0)"
Gulshan Park,582.0,"('Gulshan Park', 582.0)"
Doctors Housing Society,408.0,"('Doctors Housing Society', 408.0)"
Taj Bagh Scheme,1410.0,"('Taj Bagh Scheme', 1410.0)"
Vital Homes Housing Scheme,1464.0,"('Vital Homes Housing Scheme', 1464.0)"
Bilal Gunj,234.0,"('Bilal Gunj', 234.0)"
Gohawa,533.0,"('Gohawa', 533.0)"
Rehmanpura (Ferozpur Road),1220.0,"('Rehmanpura (Ferozpur Road)', 1220.0)"
Shadipura,1299.0,"('Shadipura', 1299.0)"
Swami Nagar,1403.0,"('Swami Nagar', 1403.0)"
Baghbanpura,193.0,"('Baghbanpura', 193.0)"
Nasheman-e-Iqbal,1015.0,"('Nasheman-e-Iqbal', 1015.0)"
Lake City,860.0,"('Lake City', 860.0)"
AWT Army Welfare Trust,9.0,"('AWT Army Welfare Trust', 9.0)"
Clifton Colony,325.0,"('Clifton Colony', 325.0)"
Peoples Colony No 2,1127.0,"('Peoples Colony No 2', 1127.0)"
Hilal Road,655.0,"('Hilal Road', 655.0)"
Yousaf Town,1492.0,"('Yousaf Town', 1492.0)"
Jail Road,713.0,"('Jail Road', 713.0)"
Gulbahar Colony,559.0,"('Gulbahar Colony', 559.0)"
Lasani Town,874.0,"('Lasani Town', 874.0)"
Shahzad Colony,1329.0,"('Shahzad Colony', 1329.0)"
Narwala Road,1013.0,"('Narwala Road', 1013.0)"
204 Chak Road,1.0,"('204 Chak Road', 1.0)"
Mansoorabad,925.0,"('Mansoorabad', 925.0)"
University Road,1454.0,"('University Road', 1454.0)"
Shah Faisal Town,1307.0,"('Shah Faisal Town', 1307.0)"
Civil Lines,323.0,"('Civil Lines', 323.0)"
Abid Town,24.0,"('Abid Town', 24.0)"
Falaknaz Presidency,463.0,"('Falaknaz Presidency', 463.0)"
Bin Qasim Town,238.0,"('Bin Qasim Town', 238.0)"
Nemat Colony No 1,1039.0,"('Nemat Colony No 1', 1039.0)"
Gulshan e Madina,585.0,"('Gulshan e Madina', 585.0)"
Gulistan Colony No 1,570.0,"('Gulistan Colony No 1', 570.0)"
Shalimar Park,1333.0,"('Shalimar Park', 1333.0)"
Eden Orchard,426.0,"('Eden Orchard', 426.0)"
Eden Gardens,425.0,"('Eden Gardens', 425.0)"
Rail View Housing Society,1175.0,"('Rail View Housing Society', 1175.0)"
Ali Town,110.0,"('Ali Town', 110.0)"
Harley Street,645.0,"('Harley Street', 645.0)"
Fazal Town,475.0,"('Fazal Town', 475.0)"
Chakra,289.0,"('Chakra', 289.0)"
Susan Road,1402.0,"('Susan Road', 1402.0)"
Canal Road,263.0,"('Canal Road', 263.0)"
Sarwar Road,1288.0,"('Sarwar Road', 1288.0)"
G. H. Q,500.0,"('G. H. Q', 500.0)"
Eden Villas,430.0,"('Eden Villas', 430.0)"
Sui Gas Housing Society,1386.0,"('Sui Gas Housing Society', 1386.0)"
Thokar Niaz Baig,1435.0,"('Thokar Niaz Baig', 1435.0)"
Lahore Medical Housing Society,855.0,"('Lahore Medical Housing Society', 855.0)"
UBL Housing Society,1448.0,"('UBL Housing Society', 1448.0)"
Salli Town,1266.0,"('Salli Town', 1266.0)"
PIA Main Boulevard,1097.0,"('PIA Main Boulevard', 1097.0)"
Abdalians Cooperative Housing Society,14.0,"('Abdalians Cooperative Housing Society', 14.0)"
Nishtar Colony,1061.0,"('Nishtar Colony', 1061.0)"
Bhatta Chowk,229.0,"('Bhatta Chowk', 229.0)"
Madina Colony,897.0,"('Madina Colony', 897.0)"
Highcourt Society,654.0,"('Highcourt Society', 654.0)"
Ravi Park,1198.0,"('Ravi Park', 1198.0)"
Zaman Colony,1497.0,"('Zaman Colony', 1497.0)"
Korangi,835.0,"('Korangi', 835.0)"
Hill Park,656.0,"('Hill Park', 656.0)"
Malir Link To Super Highway,914.0,"('Malir Link To Super Highway', 914.0)"
Ranchore Line Bazar,1189.0,"('Ranchore Line Bazar', 1189.0)"
M. A. Jinnah Road,893.0,"('M. A. Jinnah Road', 893.0)"
Super Highway,1398.0,"('Super Highway', 1398.0)"
Jhangi Syedan,741.0,"('Jhangi Syedan', 741.0)"
Chak Shahzad,285.0,"('Chak Shahzad', 285.0)"
H-13,622.0,"('H-13', 622.0)"
Jaranwala Town,731.0,"('Jaranwala Town', 731.0)"
Khayaban Colony,806.0,"('Khayaban Colony', 806.0)"
Nisar Colony,1057.0,"('Nisar Colony', 1057.0)"
Nawaban Wala,1029.0,"('Nawaban Wala', 1029.0)"
Manawala,918.0,"('Manawala', 918.0)"
Fareed Town,465.0,"('Fareed Town', 465.0)"
Others,1081.0,"('Others', 1081.0)"
Qasimabad,1158.0,"('Qasimabad', 1158.0)"
Palm City,1110.0,"('Palm City', 1110.0)"
Younas Town,1490.0,"('Younas Town', 1490.0)"
Peoples Colony No 1,1126.0,"('Peoples Colony No 1', 1126.0)"
Sangar Town,1278.0,"('Sangar Town', 1278.0)"
KRL Road,755.0,"('KRL Road', 755.0)"
Central Park Housing Scheme,275.0,"('Central Park Housing Scheme', 275.0)"
Al-Hamad Colony (AIT),88.0,"('Al-Hamad Colony (AIT)', 88.0)"
Ameer-ud-Din Park,127.0,"('Ameer-ud-Din Park', 127.0)"
Ittifaq Town,708.0,"('Ittifaq Town', 708.0)"
Mohafiz Town,966.0,"('Mohafiz Town', 966.0)"
Awan Town,171.0,"('Awan Town', 171.0)"
Shadab Garden,1297.0,"('Shadab Garden', 1297.0)"
Al Rahim Homes,81.0,"('Al Rahim Homes', 81.0)"
Chauburji Chowk,302.0,"('Chauburji Chowk', 302.0)"
Islamia Park,702.0,"('Islamia Park', 702.0)"
Sunny Park,1396.0,"('Sunny Park', 1396.0)"
Fort Villas,483.0,"('Fort Villas', 483.0)"
PIA Housing Scheme,1096.0,"('PIA Housing Scheme', 1096.0)"
Shahra-e-Qaideen,1325.0,"('Shahra-e-Qaideen', 1325.0)"
Azam Town,176.0,"('Azam Town', 176.0)"
Saima Luxury Homes,1262.0,"('Saima Luxury Homes', 1262.0)"
G-14,492.0,"('G-14', 492.0)"
NIH Colony,1005.0,"('NIH Colony', 1005.0)"
7th Avenue,2.0,"('7th Avenue', 2.0)"
Shahbaz Town,1314.0,"('Shahbaz Town', 1314.0)"
Kaleem Shaheed Colony No 1,769.0,"('Kaleem Shaheed Colony No 1', 769.0)"
Garden Colony,508.0,"('Garden Colony', 508.0)"
Murree Road,994.0,"('Murree Road', 994.0)"
Dhok Sayedan Road,390.0,"('Dhok Sayedan Road', 390.0)"
Dhoke Khabba,395.0,"('Dhoke Khabba', 395.0)"
Tench Road,1429.0,"('Tench Road', 1429.0)"
Dream Avenue Lahore,411.0,"('Dream Avenue Lahore', 411.0)"
Mehar Fayaz Colony,945.0,"('Mehar Fayaz Colony', 945.0)"
Al-Amin Housing Society,84.0,"('Al-Amin Housing Society', 84.0)"
Defence Road,368.0,"('Defence Road', 368.0)"
Irrigation Cooperative Housing Society,692.0,"('Irrigation Cooperative Housing Society', 692.0)"
Hassan Town,647.0,"('Hassan Town', 647.0)"
Lalazaar Garden,865.0,"('Lalazaar Garden', 865.0)"
Eden Place Housing Scheme,428.0,"('Eden Place Housing Scheme', 428.0)"
Sukh Chayn Gardens,1387.0,"('Sukh Chayn Gardens', 1387.0)"
BOR - Board of Revenue Housing Society,183.0,"('BOR - Board of Revenue Housing Society', 183.0)"
Afzal Park,33.0,"('Afzal Park', 33.0)"
Shadman 2,1301.0,"('Shadman 2', 1301.0)"
Naz Town,1033.0,"('Naz Town', 1033.0)"
Rabia City,1168.0,"('Rabia City', 1168.0)"
Mehmoodabad,949.0,"('Mehmoodabad', 949.0)"
Margalla Town,929.0,"('Margalla Town', 929.0)"
Tarnol,1423.0,"('Tarnol', 1423.0)"
H-15,623.0,"('H-15', 623.0)"
D-13,343.0,"('D-13', 343.0)"
Alipur Farash,114.0,"('Alipur Farash', 114.0)"
Ali Garden,107.0,"('Ali Garden', 107.0)"
Dhok Paracha,388.0,"('Dhok Paracha', 388.0)"
DAV College Road,347.0,"('DAV College Road', 347.0)"
Ahmad Abad,39.0,"('Ahmad Abad', 39.0)"
Askari 8,163.0,"('Askari 8', 163.0)"
Green Town,551.0,"('Green Town', 551.0)"
Lawrence Road,876.0,"('Lawrence Road', 876.0)"
Jewa Town,735.0,"('Jewa Town', 735.0)"
Raj Garh,1180.0,"('Raj Garh', 1180.0)"
Ahbab Colony,37.0,"('Ahbab Colony', 37.0)"
Shahkam Chowk,1319.0,"('Shahkam Chowk', 1319.0)"
Kakezai Housing Society,767.0,"('Kakezai Housing Society', 767.0)"
Walled City,1470.0,"('Walled City', 1470.0)"
Toheed Park,1439.0,"('Toheed Park', 1439.0)"
Asif Colony,147.0,"('Asif Colony', 147.0)"
Outfall Road,1082.0,"('Outfall Road', 1082.0)"
Bagarian,190.0,"('Bagarian', 190.0)"
Hub River Road,660.0,"('Hub River Road', 660.0)"
Suparco Road,1397.0,"('Suparco Road', 1397.0)"
Rufi Rose Petals,1238.0,"('Rufi Rose Petals', 1238.0)"
Punjab Chowrangi,1144.0,"('Punjab Chowrangi', 1144.0)"
Meherban Colony,947.0,"('Meherban Colony', 947.0)"
Zaraj Housing Scheme,1500.0,"('Zaraj Housing Scheme', 1500.0)"
Multi Residencia & Orchards,986.0,"('Multi Residencia & Orchards', 986.0)"
Capital Enclave,270.0,"('Capital Enclave', 270.0)"
G-16,494.0,"('G-16', 494.0)"
Spring Valley,1377.0,"('Spring Valley', 1377.0)"
Kareem City,783.0,"('Kareem City', 783.0)"
Lasani Garden,873.0,"('Lasani Garden', 873.0)"
Gulshan-e-Hayat,596.0,"('Gulshan-e-Hayat', 596.0)"
Zia Colony,1503.0,"('Zia Colony', 1503.0)"
Sheikh Colony,1343.0,"('Sheikh Colony', 1343.0)"
Gawal Mandi,516.0,"('Gawal Mandi', 516.0)"
Asghar Mall Road,142.0,"('Asghar Mall Road', 142.0)"
Air Avenue City,45.0,"('Air Avenue City', 45.0)"
Saidpur Road,1260.0,"('Saidpur Road', 1260.0)"
Friends Colony,487.0,"('Friends Colony', 487.0)"
Bilal Colony,233.0,"('Bilal Colony', 233.0)"
Jinnah Colony,745.0,"('Jinnah Colony', 745.0)"
Sajid Garden,1263.0,"('Sajid Garden', 1263.0)"
Salamatpura,1265.0,"('Salamatpura', 1265.0)"
Garhi Shahu,511.0,"('Garhi Shahu', 511.0)"
Sham Nagar,1336.0,"('Sham Nagar', 1336.0)"
River View Coop Housing Society,1229.0,"('River View Coop Housing Society', 1229.0)"
Wahdat Colony,1467.0,"('Wahdat Colony', 1467.0)"
Bahar Shah Road,196.0,"('Bahar Shah Road', 196.0)"
Band Road,209.0,"('Band Road', 209.0)"
Ring Road,1227.0,"('Ring Road', 1227.0)"
Iqbal Avenue,689.0,"('Iqbal Avenue', 689.0)"
Rehan Garden,1210.0,"('Rehan Garden', 1210.0)"
Khaliq-uz-Zaman Road,798.0,"('Khaliq-uz-Zaman Road', 798.0)"
Lyari Expressway,890.0,"('Lyari Expressway', 890.0)"
Orangi Town,1079.0,"('Orangi Town', 1079.0)"
Gulshan-e-Areesha,592.0,"('Gulshan-e-Areesha', 592.0)"
Javed Bahria Coopretive Housing Society,733.0,"('Javed Bahria Coopretive Housing Society', 733.0)"
AGHOSH,4.0,"('AGHOSH', 4.0)"
Taramrri,1417.0,"('Taramrri', 1417.0)"
E-16,418.0,"('E-16', 418.0)"
Islamabad - Murree Expressway,694.0,"('Islamabad - Murree Expressway', 694.0)"
9th Avenue,3.0,"('9th Avenue', 3.0)"
Jameel Town,720.0,"('Jameel Town', 720.0)"
Khayaban Colony 2,807.0,"('Khayaban Colony 2', 807.0)"
Gulfishan Colony,566.0,"('Gulfishan Colony', 566.0)"
Dhudi Wala,400.0,"('Dhudi Wala', 400.0)"
Canal Park,262.0,"('Canal Park', 262.0)"
Mahmoodabad,903.0,"('Mahmoodabad', 903.0)"
Shadman Colony,1302.0,"('Shadman Colony', 1302.0)"
Bostan Road,244.0,"('Bostan Road', 244.0)"
Morgah,979.0,"('Morgah', 979.0)"
Lalkurti,868.0,"('Lalkurti', 868.0)"
Mohammadi Colony,969.0,"('Mohammadi Colony', 969.0)"
Tench Bhata,1428.0,"('Tench Bhata', 1428.0)"
Amin Town,130.0,"('Amin Town', 130.0)"
CBR Town Phase 2,254.0,"('CBR Town Phase 2', 254.0)"
Askari 9,164.0,"('Askari 9', 164.0)"
Abid Market,23.0,"('Abid Market', 23.0)"
Shalimar Town,1334.0,"('Shalimar Town', 1334.0)"
Al Hafeez Gardens,65.0,"('Al Hafeez Gardens', 65.0)"
Canal Bank Housing Scheme,257.0,"('Canal Bank Housing Scheme', 257.0)"
Tajpura,1413.0,"('Tajpura', 1413.0)"
Landhi,871.0,"('Landhi', 871.0)"
Kashmir Road,790.0,"('Kashmir Road', 790.0)"
ASF Tower,8.0,"('ASF Tower', 8.0)"
Dastgir Colony,359.0,"('Dastgir Colony', 359.0)"
Rashid Minhas Road,1194.0,"('Rashid Minhas Road', 1194.0)"
Khayaban-e-Ittehad Road,812.0,"('Khayaban-e-Ittehad Road', 812.0)"
Dalmia Cement Factory Road,353.0,"('Dalmia Cement Factory Road', 353.0)"
Defence Garden,367.0,"('Defence Garden', 367.0)"
PAEC Employees Cooperative Housing Society,1085.0,"('PAEC Employees Cooperative Housing Society', 1085.0)"
D-12,342.0,"('D-12', 342.0)"
Green Avenue,544.0,"('Green Avenue', 544.0)"
Koral Chowk,831.0,"('Koral Chowk', 831.0)"
Jhang Road,739.0,"('Jhang Road', 739.0)"
Citi Housing Society,319.0,"('Citi Housing Society', 319.0)"
Bahria Orchard,199.0,"('Bahria Orchard', 199.0)"
Shershah Colony - Ichra,1350.0,"('Shershah Colony - Ichra', 1350.0)"
Al-Hamd Garden,89.0,"('Al-Hamd Garden', 89.0)"
Expo Avenue Society,441.0,"('Expo Avenue Society', 441.0)"
Peco Road,1121.0,"('Peco Road', 1121.0)"
Aabpara Coop Housing Society,10.0,"('Aabpara Coop Housing Society', 10.0)"
Beacon House Society,219.0,"('Beacon House Society', 219.0)"
Khayaban-e-Quaid,815.0,"('Khayaban-e-Quaid', 815.0)"
Manawan,919.0,"('Manawan', 919.0)"
Bhagatpura,226.0,"('Bhagatpura', 226.0)"
PCSIR Staff Colony,1093.0,"('PCSIR Staff Colony', 1093.0)"
P & D Housing Society,1083.0,"('P & D Housing Society', 1083.0)"
Sindh Industrial Trading Estate (SITE),1363.0,"('Sindh Industrial Trading Estate (SITE)', 1363.0)"
Britto Road,246.0,"('Britto Road', 246.0)"
River Garden,1228.0,"('River Garden', 1228.0)"
E-18,419.0,"('E-18', 419.0)"
Chak 208 Road,279.0,"('Chak 208 Road', 279.0)"
Khayaban-e-Tanveer,817.0,"('Khayaban-e-Tanveer', 817.0)"
Dhamyal Road,372.0,"('Dhamyal Road', 372.0)"
Sadiqa Abad,1250.0,"('Sadiqa Abad', 1250.0)"
Samarzar Housing Society,1272.0,"('Samarzar Housing Society', 1272.0)"
Quaid-e-Azam Colony,1163.0,"('Quaid-e-Azam Colony', 1163.0)"
Sher Zaman Colony,1347.0,"('Sher Zaman Colony', 1347.0)"
Abdullah City,17.0,"('Abdullah City', 17.0)"
Four Season Housing,484.0,"('Four Season Housing', 484.0)"
National Town,1021.0,"('National Town', 1021.0)"
Canal Burg,258.0,"('Canal Burg', 258.0)"
Azam Gardens,175.0,"('Azam Gardens', 175.0)"
Daroghewala,356.0,"('Daroghewala', 356.0)"
Eden Park,427.0,"('Eden Park', 427.0)"
Chohan Road,314.0,"('Chohan Road', 314.0)"
Wassanpura,1480.0,"('Wassanpura', 1480.0)"
Ghous Garden,524.0,"('Ghous Garden', 524.0)"
Kacha Jail Road,757.0,"('Kacha Jail Road', 757.0)"
Sanda,1276.0,"('Sanda', 1276.0)"
Revenue Society,1222.0,"('Revenue Society', 1222.0)"
Shera Kot,1348.0,"('Shera Kot', 1348.0)"
Naya Nazimabad,1031.0,"('Naya Nazimabad', 1031.0)"
KDA Scheme 1,754.0,"('KDA Scheme 1', 754.0)"
Golra Mor,535.0,"('Golra Mor', 535.0)"
G-12,490.0,"('G-12', 490.0)"
Shahpur,1320.0,"('Shahpur', 1320.0)"
12th Avenue,0.0,"('12th Avenue', 0.0)"
Jhumra Road,742.0,"('Jhumra Road', 742.0)"
Chakra Road,290.0,"('Chakra Road', 290.0)"
Al-Haram City - Phase 2,91.0,"('Al-Haram City - Phase 2', 91.0)"
Caltex Road,256.0,"('Caltex Road', 256.0)"
Amer Pura,128.0,"('Amer Pura', 128.0)"
Kartar Pura,787.0,"('Kartar Pura', 787.0)"
Peer Meher Ali Shah Town,1123.0,"('Peer Meher Ali Shah Town', 1123.0)"
Al Noor Garden,77.0,"('Al Noor Garden', 77.0)"
Millat Road,959.0,"('Millat Road', 959.0)"
Police Foundation Housing Scheme,1136.0,"('Police Foundation Housing Scheme', 1136.0)"
New Shah Kamal Colony,1052.0,"('New Shah Kamal Colony', 1052.0)"
Birdwood Road,239.0,"('Birdwood Road', 239.0)"
Dogech,409.0,"('Dogech', 409.0)"
Shamkay Bhattian,1338.0,"('Shamkay Bhattian', 1338.0)"
Rehman Gardens,1212.0,"('Rehman Gardens', 1212.0)"
Saadi Road,1244.0,"('Saadi Road', 1244.0)"
Karachi Motorway,778.0,"('Karachi Motorway', 778.0)"
Tipu Sultan Road,1438.0,"('Tipu Sultan Road', 1438.0)"
Club Road,327.0,"('Club Road', 327.0)"
Gulshan-e-Khudadad,600.0,"('Gulshan-e-Khudadad', 600.0)"
H-12,621.0,"('H-12', 621.0)"
Kacha Ferozepur Road,756.0,"('Kacha Ferozepur Road', 756.0)"
Sultan Town,1390.0,"('Sultan Town', 1390.0)"
New Chauburji Park,1044.0,"('New Chauburji Park', 1044.0)"
Ryaz ul Jannah,1240.0,"('Ryaz ul Jannah', 1240.0)"
Suhail Abad,1384.0,"('Suhail Abad', 1384.0)"
Safari View Residencia,1253.0,"('Safari View Residencia', 1253.0)"
Liaquat Colony,883.0,"('Liaquat Colony', 883.0)"
Army Officers Colony,140.0,"('Army Officers Colony', 140.0)"
Race Course,1169.0,"('Race Course', 1169.0)"
Kurri Road,844.0,"('Kurri Road', 844.0)"
Faisal Colony,452.0,"('Faisal Colony', 452.0)"
Sheikhupura Road,1344.0,"('Sheikhupura Road', 1344.0)"
Punjab Govt Servant Society,1149.0,"('Punjab Govt Servant Society', 1149.0)"
Gulshan-e-Amin,591.0,"('Gulshan-e-Amin', 591.0)"
Manghopir Road,922.0,"('Manghopir Road', 922.0)"
Golimar,534.0,"('Golimar', 534.0)"
Shah Rasool Colony,1312.0,"('Shah Rasool Colony', 1312.0)"
H-9,625.0,"('H-9', 625.0)"
Zaheer Villas,1494.0,"('Zaheer Villas', 1494.0)"
Bhogiwal Road,232.0,"('Bhogiwal Road', 232.0)"
Omega Homes,1078.0,"('Omega Homes', 1078.0)"
Al Jalil Garden,70.0,"('Al Jalil Garden', 70.0)"
Gajju Matah,506.0,"('Gajju Matah', 506.0)"
Rizwan Garden Scheme,1231.0,"('Rizwan Garden Scheme', 1231.0)"
D Type Colony,341.0,"('D Type Colony', 341.0)"
Gulgasht Colony,568.0,"('Gulgasht Colony', 568.0)"
Guru Nanak Pura,619.0,"('Guru Nanak Pura', 619.0)"
Aria Mohalla,139.0,"('Aria Mohalla', 139.0)"
Kahuta,764.0,"('Kahuta', 764.0)"
Pindora,1130.0,"('Pindora', 1130.0)"
Allama Iqbal Colony,116.0,"('Allama Iqbal Colony', 116.0)"
Aslam Shaheed Road,165.0,"('Aslam Shaheed Road', 165.0)"
Riaz Qureshi Road,1224.0,"('Riaz Qureshi Road', 1224.0)"
Begampura,223.0,"('Begampura', 223.0)"
Rana Town,1188.0,"('Rana Town', 1188.0)"
Mohlanwal,971.0,"('Mohlanwal', 971.0)"
Nishtar Road (Lawrence Road),1062.0,"('Nishtar Road (Lawrence Road)', 1062.0)"
Al-Hilal Society,92.0,"('Al-Hilal Society', 92.0)"
Shah Jamal,1308.0,"('Shah Jamal', 1308.0)"
Gul Kali,557.0,"('Gul Kali', 557.0)"
Eden Avenue Extension,424.0,"('Eden Avenue Extension', 424.0)"
Habib Homes,627.0,"('Habib Homes', 627.0)"
Lahore Canal Bank Cooperative Housing Society,852.0,"('Lahore Canal Bank Cooperative Housing Society', 852.0)"
Riwaz Garden,1230.0,"('Riwaz Garden', 1230.0)"
Manga Mandi,921.0,"('Manga Mandi', 921.0)"
Azeem Garden Shahdara,177.0,"('Azeem Garden Shahdara', 177.0)"
Formanites Housing Scheme,482.0,"('Formanites Housing Scheme', 482.0)"
Gatwala Chowk,514.0,"('Gatwala Chowk', 514.0)"
Valencia Gardens,1459.0,"('Valencia Gardens', 1459.0)"
Allahabad Road,115.0,"('Allahabad Road', 115.0)"
Cricket Stadium Road,337.0,"('Cricket Stadium Road', 337.0)"
Khayaban Gardens,808.0,"('Khayaban Gardens', 808.0)"
Dhok Gujran,381.0,"('Dhok Gujran', 381.0)"
Bostan Valley,245.0,"('Bostan Valley', 245.0)"
National Highway,1018.0,"('National Highway', 1018.0)"
Maqboolabad Society,928.0,"('Maqboolabad Society', 928.0)"
Faisal Town - F-18,456.0,"('Faisal Town - F-18', 456.0)"
Al Huda Town,69.0,"('Al Huda Town', 69.0)"
I-13,667.0,"('I-13', 667.0)"
New Muslim Town,1050.0,"('New Muslim Town', 1050.0)"
Sally Town South,1267.0,"('Sally Town South', 1267.0)"
Al-Kareem Premier Housing Scheme,96.0,"('Al-Kareem Premier Housing Scheme', 96.0)"
Ittehad Colony,707.0,"('Ittehad Colony', 707.0)"
Zaitoon - New Lahore City,1495.0,"('Zaitoon - New Lahore City', 1495.0)"
Jaffar Town,710.0,"('Jaffar Town', 710.0)"
Bakar Mandi Road,204.0,"('Bakar Mandi Road', 204.0)"
Nazimabad Villas,1036.0,"('Nazimabad Villas', 1036.0)"
Nighabanpura,1056.0,"('Nighabanpura', 1056.0)"
Ravi Gardens,1197.0,"('Ravi Gardens', 1197.0)"
Sarafa Bazar,1283.0,"('Sarafa Bazar', 1283.0)"
Khurram Colony,823.0,"('Khurram Colony', 823.0)"
Frere Town,486.0,"('Frere Town', 486.0)"
G-6,496.0,"('G-6', 496.0)"
Qutbal Town,1166.0,"('Qutbal Town', 1166.0)"
Chur Chowk,317.0,"('Chur Chowk', 317.0)"
Punjab Coop Housing Society,1146.0,"('Punjab Coop Housing Society', 1146.0)"
Anarkali,134.0,"('Anarkali', 134.0)"
Sodiwal,1374.0,"('Sodiwal', 1374.0)"
Shiraz Villas,1353.0,"('Shiraz Villas', 1353.0)"
NFC 1,1002.0,"('NFC 1', 1002.0)"
Shah Faisal Road,1306.0,"('Shah Faisal Road', 1306.0)"
Government Employees Cooperative Housing Society (GECHS),540.0,"('Government Employees Cooperative Housing Society (GECHS)', 540.0)"
Green View Colony,552.0,"('Green View Colony', 552.0)"
Latif Garden,875.0,"('Latif Garden', 875.0)"
Faisal Gardens,453.0,"('Faisal Gardens', 453.0)"
Dhanola,374.0,"('Dhanola', 374.0)"
Islamabad Farm Houses,698.0,"('Islamabad Farm Houses', 698.0)"
Banaras Colony,208.0,"('Banaras Colony', 208.0)"
Chaklala,287.0,"('Chaklala', 287.0)"
Wazir Town,1481.0,"('Wazir Town', 1481.0)"
Dhoke Munshi Khan,396.0,"('Dhoke Munshi Khan', 396.0)"
Falaknaz Dynasty,462.0,"('Falaknaz Dynasty', 462.0)"
Etawa Society,439.0,"('Etawa Society', 439.0)"
C-18,251.0,"('C-18', 251.0)"
Royal City,1233.0,"('Royal City', 1233.0)"
D Ground,340.0,"('D Ground', 340.0)"
Firdosi Road,480.0,"('Firdosi Road', 480.0)"
Azizabad,179.0,"('Azizabad', 179.0)"
Dubai Town,413.0,"('Dubai Town', 413.0)"
Farooq Colony,467.0,"('Farooq Colony', 467.0)"
Ali Alam Garden,106.0,"('Ali Alam Garden', 106.0)"
Al-Falah Cooperative Housing Society,85.0,"('Al-Falah Cooperative Housing Society', 85.0)"
Nussah Town,1070.0,"('Nussah Town', 1070.0)"
Cosmopolitan Society,333.0,"('Cosmopolitan Society', 333.0)"
Liaquat Avenue,881.0,"('Liaquat Avenue', 881.0)"
F-9,449.0,"('F-9', 449.0)"
Airport Enclave,51.0,"('Airport Enclave', 51.0)"
Holy Family Road,658.0,"('Holy Family Road', 658.0)"
Shah Khalid Colony,1310.0,"('Shah Khalid Colony', 1310.0)"
Allama Iqbal Intl Airport,117.0,"('Allama Iqbal Intl Airport', 117.0)"
TECH Society,1407.0,"('TECH Society', 1407.0)"
Lahore Press Club Housing Scheme,857.0,"('Lahore Press Club Housing Scheme', 857.0)"
Peer Colony,1122.0,"('Peer Colony', 1122.0)"
Jora Pull,748.0,"('Jora Pull', 748.0)"
Krishan Nagar,840.0,"('Krishan Nagar', 840.0)"
Youhanabad,1489.0,"('Youhanabad', 1489.0)"
Khurianwala,822.0,"('Khurianwala', 822.0)"
Shadab Colony,1296.0,"('Shadab Colony', 1296.0)"
Dhoke Gangal,393.0,"('Dhoke Gangal', 393.0)"
Dhoke Hassu,394.0,"('Dhoke Hassu', 394.0)"
MT Khan Road,894.0,"('MT Khan Road', 894.0)"
Dr Daud Pota Road,410.0,"('Dr Daud Pota Road', 410.0)"
Shehzad Town,1342.0,"('Shehzad Town', 1342.0)"
Raheem Gardens,1172.0,"('Raheem Gardens', 1172.0)"
Royal Garden,1235.0,"('Royal Garden', 1235.0)"
Super Town,1399.0,"('Super Town', 1399.0)"
Bait-ul-Raza Colony,203.0,"('Bait-ul-Raza Colony', 203.0)"
Hamza Town,638.0,"('Hamza Town', 638.0)"
Real Cottages,1209.0,"('Real Cottages', 1209.0)"
Sue-e-Asal,1382.0,"('Sue-e-Asal', 1382.0)"
New Garden Town,1045.0,"('New Garden Town', 1045.0)"
Rehmania Town,1219.0,"('Rehmania Town', 1219.0)"
Wah Link Road,1466.0,"('Wah Link Road', 1466.0)"
DHA City Karachi,350.0,"('DHA City Karachi', 350.0)"
Rawal Enclave,1200.0,"('Rawal Enclave', 1200.0)"
IJP Road,675.0,"('IJP Road', 675.0)"
Commercial Market,330.0,"('Commercial Market', 330.0)"
Gulshan-e-Saeed,608.0,"('Gulshan-e-Saeed', 608.0)"
Chenab Gardens,309.0,"('Chenab Gardens', 309.0)"
Shakrial,1330.0,"('Shakrial', 1330.0)"
Makkah Colony,905.0,"('Makkah Colony', 905.0)"
Pak Park,1105.0,"('Pak Park', 1105.0)"
Nabi Pura,1007.0,"('Nabi Pura', 1007.0)"
Al Hamad Colony,66.0,"('Al Hamad Colony', 66.0)"
Punjab University Employees Society,1153.0,"('Punjab University Employees Society', 1153.0)"
Surti Muslim Co-Operative Housing Society,1401.0,"('Surti Muslim Co-Operative Housing Society', 1401.0)"
ASF Housing Scheme,7.0,"('ASF Housing Scheme', 7.0)"
Muslimabad Society,998.0,"('Muslimabad Society', 998.0)"
Bilal Town,237.0,"('Bilal Town', 237.0)"
Cotton Export Cooperative Housing Society,334.0,"('Cotton Export Cooperative Housing Society', 334.0)"
Naval Housing Scheme,1025.0,"('Naval Housing Scheme', 1025.0)"
Maskan Chowrangi,935.0,"('Maskan Chowrangi', 935.0)"
Iqbal Town,691.0,"('Iqbal Town', 691.0)"
Haji Abad,629.0,"('Haji Abad', 629.0)"
Sir Syed Town,1367.0,"('Sir Syed Town', 1367.0)"
Umer Garden,1452.0,"('Umer Garden', 1452.0)"
Kalma Chowk,772.0,"('Kalma Chowk', 772.0)"
Gulshan Dadan,580.0,"('Gulshan Dadan', 580.0)"
Ahmad Avenue,40.0,"('Ahmad Avenue', 40.0)"
Sufiabad,1383.0,"('Sufiabad', 1383.0)"
Al Noor Town,78.0,"('Al Noor Town', 78.0)"
Gosha-e-Ahbab,538.0,"('Gosha-e-Ahbab', 538.0)"
Lahore Cantt Coop Housing,853.0,"('Lahore Cantt Coop Housing', 853.0)"
Walton Railway Officers Colony,1471.0,"('Walton Railway Officers Colony', 1471.0)"
Gawalmandi,518.0,"('Gawalmandi', 518.0)"
Khuda Ki Basti,820.0,"('Khuda Ki Basti', 820.0)"
Shaheed-e-Millat Expressway,1317.0,"('Shaheed-e-Millat Expressway', 1317.0)"
Hawks Bay Scheme 42,649.0,"('Hawks Bay Scheme 42', 649.0)"
Gulistan Colony No 2,571.0,"('Gulistan Colony No 2', 571.0)"
Quaid-e-Azam Park,1164.0,"('Quaid-e-Azam Park', 1164.0)"
Khanna Road,801.0,"('Khanna Road', 801.0)"
Zeeshan Colony,1501.0,"('Zeeshan Colony', 1501.0)"
Tipu Road,1437.0,"('Tipu Road', 1437.0)"
Kacheri Chowk,760.0,"('Kacheri Chowk', 760.0)"
Faiz Bagh,460.0,"('Faiz Bagh', 460.0)"
Al Jannat Housing Scheme,72.0,"('Al Jannat Housing Scheme', 72.0)"
Jaffaria Colony,711.0,"('Jaffaria Colony', 711.0)"
Ameen Park,125.0,"('Ameen Park', 125.0)"
Lahore Garden Housing Scheme,854.0,"('Lahore Garden Housing Scheme', 854.0)"
Rawal Town,1202.0,"('Rawal Town', 1202.0)"
Tariqabad,1421.0,"('Tariqabad', 1421.0)"
Badar Colony,189.0,"('Badar Colony', 189.0)"
PIA Colony,1095.0,"('PIA Colony', 1095.0)"
Jallo,716.0,"('Jallo', 716.0)"
Wafaqi Colony,1465.0,"('Wafaqi Colony', 1465.0)"
Abdali Road,13.0,"('Abdali Road', 13.0)"
Kamran Chowrangi,776.0,"('Kamran Chowrangi', 776.0)"
Gizri Road,530.0,"('Gizri Road', 530.0)"
Peoples Colony,1125.0,"('Peoples Colony', 1125.0)"
Daniyal Town,355.0,"('Daniyal Town', 355.0)"
Gobind Pura,532.0,"('Gobind Pura', 532.0)"
Transformer Chowk,1442.0,"('Transformer Chowk', 1442.0)"
Ranial,1192.0,"('Ranial', 1192.0)"
LDA Avenue,845.0,"('LDA Avenue', 845.0)"
Saggian Wala Bypass Road,1255.0,"('Saggian Wala Bypass Road', 1255.0)"
Gul-e-Damin,558.0,"('Gul-e-Damin', 558.0)"
PASSCO Housing Society,1091.0,"('PASSCO Housing Society', 1091.0)"
Shama Road,1337.0,"('Shama Road', 1337.0)"
Sheraz Town,1349.0,"('Sheraz Town', 1349.0)"
Abdullah Haroon Road,19.0,"('Abdullah Haroon Road', 19.0)"
Kashmir Colony,788.0,"('Kashmir Colony', 788.0)"
Steam Power Station Colony,1381.0,"('Steam Power Station Colony', 1381.0)"
Chanman Abad,295.0,"('Chanman Abad', 295.0)"
Magistrate Colony,901.0,"('Magistrate Colony', 901.0)"
Sher Shah Road,1345.0,"('Sher Shah Road', 1345.0)"
Rustam Park,1239.0,"('Rustam Park', 1239.0)"
Mohlanwal Road,972.0,"('Mohlanwal Road', 972.0)"
Korangi Road,836.0,"('Korangi Road', 836.0)"
Swan Garden,1404.0,"('Swan Garden', 1404.0)"
Karim Town,786.0,"('Karim Town', 786.0)"
Sitara Colony,1369.0,"('Sitara Colony', 1369.0)"
Gulshan-e-Shamal,610.0,"('Gulshan-e-Shamal', 610.0)"
Maulana Shaukat Ali Road,939.0,"('Maulana Shaukat Ali Road', 939.0)"
Zubaida Park,1505.0,"('Zubaida Park', 1505.0)"
Temple Road,1427.0,"('Temple Road', 1427.0)"
McLeod Road,942.0,"('McLeod Road', 942.0)"
Frash Town,485.0,"('Frash Town', 485.0)"
Tali Mori,1415.0,"('Tali Mori', 1415.0)"
Al-Hamd Park,90.0,"('Al-Hamd Park', 90.0)"
Labor Colony,847.0,"('Labor Colony', 847.0)"
Malik Park,910.0,"('Malik Park', 910.0)"
Rehman City - Phase 4,1211.0,"('Rehman City - Phase 4', 1211.0)"
Nai Abadi Harbanspura,1010.0,"('Nai Abadi Harbanspura', 1010.0)"
Education Town,431.0,"('Education Town', 431.0)"
Khokhar Town,819.0,"('Khokhar Town', 819.0)"
Sarwar Town,1289.0,"('Sarwar Town', 1289.0)"
Thalian,1431.0,"('Thalian', 1431.0)"
Thanda Pani,1432.0,"('Thanda Pani', 1432.0)"
PAF Tarnol,1090.0,"('PAF Tarnol', 1090.0)"
Raja Colony,1183.0,"('Raja Colony', 1183.0)"
Officers Colony,1074.0,"('Officers Colony', 1074.0)"
Dhoke Syedan,398.0,"('Dhoke Syedan', 398.0)"
Chaudhary Wilayat Khan Road,307.0,"('Chaudhary Wilayat Khan Road', 307.0)"
People Colony,1124.0,"('People Colony', 1124.0)"
Munawar Colony,989.0,"('Munawar Colony', 989.0)"
Kotli Abdur Rahman,839.0,"('Kotli Abdur Rahman', 839.0)"
Grand Avenues Housing Scheme,542.0,"('Grand Avenues Housing Scheme', 542.0)"
Chaudhary Park,306.0,"('Chaudhary Park', 306.0)"
Zero Point,1502.0,"('Zero Point', 1502.0)"
Madan Pura,895.0,"('Madan Pura', 895.0)"
Lahore - Sheikhupura - Faisalabad Road,851.0,"('Lahore - Sheikhupura - Faisalabad Road', 851.0)"
Walait Homes,1469.0,"('Walait Homes', 1469.0)"
Eastridge Housing Scheme,422.0,"('Eastridge Housing Scheme', 422.0)"
Kharak,802.0,"('Kharak', 802.0)"
Canal Fort II,260.0,"('Canal Fort II', 260.0)"
AR Cottages,6.0,"('AR Cottages', 6.0)"
Fateh Villas,472.0,"('Fateh Villas', 472.0)"
Combo Colony,329.0,"('Combo Colony', 329.0)"
Hakim Town,635.0,"('Hakim Town', 635.0)"
New Shakrial,1053.0,"('New Shakrial', 1053.0)"
Sihala,1359.0,"('Sihala', 1359.0)"
Rajgarh Road,1185.0,"('Rajgarh Road', 1185.0)"
Lower Mall,888.0,"('Lower Mall', 888.0)"
Jia Baga Road,743.0,"('Jia Baga Road', 743.0)"
Habibullah Road,628.0,"('Habibullah Road', 628.0)"
Riaz ul Jannah,1225.0,"('Riaz ul Jannah', 1225.0)"
Nishatabad,1060.0,"('Nishatabad', 1060.0)"
Chah Sultan,277.0,"('Chah Sultan', 277.0)"
Mangral Town,924.0,"('Mangral Town', 924.0)"
Amarpura,124.0,"('Amarpura', 124.0)"
Saeed Colony,1252.0,"('Saeed Colony', 1252.0)"
Azeem Town,178.0,"('Azeem Town', 178.0)"
Hanif Park Harbanspura,640.0,"('Hanif Park Harbanspura', 640.0)"
Sanda Road,1277.0,"('Sanda Road', 1277.0)"
Mustafa Abad,999.0,"('Mustafa Abad', 999.0)"
Scheme 45,1293.0,"('Scheme 45', 1293.0)"
F-15,444.0,"('F-15', 444.0)"
Green Hills Housing Scheme,548.0,"('Green Hills Housing Scheme', 548.0)"
Hassan Villas,648.0,"('Hassan Villas', 648.0)"
Babar Colony,185.0,"('Babar Colony', 185.0)"
Siddiqia Colony,1356.0,"('Siddiqia Colony', 1356.0)"
China Scheme,311.0,"('China Scheme', 311.0)"
Amir Khusro,132.0,"('Amir Khusro', 132.0)"
Bankers Co-operative Housing Society,212.0,"('Bankers Co-operative Housing Society', 212.0)"
Waris Colony,1476.0,"('Waris Colony', 1476.0)"
Bahar Colony,195.0,"('Bahar Colony', 195.0)"
Ali Housing Colony,108.0,"('Ali Housing Colony', 108.0)"
Khawaja Islam Road,805.0,"('Khawaja Islam Road', 805.0)"
Ahmadabad,42.0,"('Ahmadabad', 42.0)"
Jhang Bazar,738.0,"('Jhang Bazar', 738.0)"
Dheri Hassanabad,376.0,"('Dheri Hassanabad', 376.0)"
Sami Town,1273.0,"('Sami Town', 1273.0)"
UET Housing Society,1449.0,"('UET Housing Society', 1449.0)"
Alia Town,113.0,"('Alia Town', 113.0)"
Waris Road,1479.0,"('Waris Road', 1479.0)"
Dholanwal,399.0,"('Dholanwal', 399.0)"
Sakhi Hassan Chowrangi,1264.0,"('Sakhi Hassan Chowrangi', 1264.0)"
Naval Colony,1023.0,"('Naval Colony', 1023.0)"
PECHS,1094.0,"('PECHS', 1094.0)"
Chauburji Park Road,303.0,"('Chauburji Park Road', 303.0)"
Asim Town,149.0,"('Asim Town', 149.0)"
Nemat Colony No 2,1040.0,"('Nemat Colony No 2', 1040.0)"
Kaleem Shaheed Colony No 2,770.0,"('Kaleem Shaheed Colony No 2', 770.0)"
Liaquat Town,884.0,"('Liaquat Town', 884.0)"
Babuwala,187.0,"('Babuwala', 187.0)"
New Afzal Town,1041.0,"('New Afzal Town', 1041.0)"
Chinar Bagh,312.0,"('Chinar Bagh', 312.0)"
Judicial Town,752.0,"('Judicial Town', 752.0)"
G-5,495.0,"('G-5', 495.0)"
Islam Nagar,693.0,"('Islam Nagar', 693.0)"
Abdul Sattar Edhi Road,15.0,"('Abdul Sattar Edhi Road', 15.0)"
Heaven Homes,651.0,"('Heaven Homes', 651.0)"
Kot Khawaja Saeed,837.0,"('Kot Khawaja Saeed', 837.0)"
Kachupura,761.0,"('Kachupura', 761.0)"
Hajvery Housing Scheme,633.0,"('Hajvery Housing Scheme', 633.0)"
Makki Complex,908.0,"('Makki Complex', 908.0)"
Makkah Garden,907.0,"('Makkah Garden', 907.0)"
Al Najaf Colony,76.0,"('Al Najaf Colony', 76.0)"
Bakra Mandi,205.0,"('Bakra Mandi', 205.0)"
Jumma Market,753.0,"('Jumma Market', 753.0)"
Manga - Raiwind Road,920.0,"('Manga - Raiwind Road', 920.0)"
Millat Colony,958.0,"('Millat Colony', 958.0)"
Kemari Town,794.0,"('Kemari Town', 794.0)"
BMCHS,182.0,"('BMCHS', 182.0)"
Punjab Colony,1145.0,"('Punjab Colony', 1145.0)"
Kahna Kacha,763.0,"('Kahna Kacha', 763.0)"
Cantt View Society,268.0,"('Cantt View Society', 268.0)"
Mohni Road,974.0,"('Mohni Road', 974.0)"
Kareem Garden,784.0,"('Kareem Garden', 784.0)"
Lines Area,886.0,"('Lines Area', 886.0)"
Lalukhet,869.0,"('Lalukhet', 869.0)"
Park Road,1115.0,"('Park Road', 1115.0)"
Excise & Taxation Housing Scheme,440.0,"('Excise & Taxation Housing Scheme', 440.0)"
Ismail Green Valley,705.0,"('Ismail Green Valley', 705.0)"
Canal Expressway,259.0,"('Canal Expressway', 259.0)"
Janjua Town,726.0,"('Janjua Town', 726.0)"
Cutchi Memon Cooperative Housing Society,339.0,"('Cutchi Memon Cooperative Housing Society', 339.0)"
Abdullah Ahmed Road,16.0,"('Abdullah Ahmed Road', 16.0)"
Nisbat Road,1058.0,"('Nisbat Road', 1058.0)"
Al Fajar Society,63.0,"('Al Fajar Society', 63.0)"
Shah Di Khoi,1305.0,"('Shah Di Khoi', 1305.0)"
Rajpoot Town,1186.0,"('Rajpoot Town', 1186.0)"
Shahpur Kanjra,1321.0,"('Shahpur Kanjra', 1321.0)"
Hanjarwal,641.0,"('Hanjarwal', 641.0)"
Shah Kamal Road,1309.0,"('Shah Kamal Road', 1309.0)"
Chah Miran,276.0,"('Chah Miran', 276.0)"
Partab Nagar,1119.0,"('Partab Nagar', 1119.0)"
Johar Colony,746.0,"('Johar Colony', 746.0)"
Waris Pura,1478.0,"('Waris Pura', 1478.0)"
Dhandharan Chak 66 JB,373.0,"('Dhandharan Chak 66 JB', 373.0)"
Air Force Housing Society,46.0,"('Air Force Housing Society', 46.0)"
Pir Wadhai,1135.0,"('Pir Wadhai', 1135.0)"
Agha Shahi Avenue,34.0,"('Agha Shahi Avenue', 34.0)"
Singhpura,1364.0,"('Singhpura', 1364.0)"
Allama Iqbal Road,118.0,"('Allama Iqbal Road', 118.0)"
Rifle Range Road,1226.0,"('Rifle Range Road', 1226.0)"
Sherwani Town Housing Scheme,1352.0,"('Sherwani Town Housing Scheme', 1352.0)"
Neela Gumbad,1038.0,"('Neela Gumbad', 1038.0)"
Elite Town,433.0,"('Elite Town', 433.0)"
Green City,546.0,"('Green City', 546.0)"
Defence Colony,364.0,"('Defence Colony', 364.0)"
Shah Town,1313.0,"('Shah Town', 1313.0)"
Pakistan Chowk,1106.0,"('Pakistan Chowk', 1106.0)"
Rufi Lake Drive Apartments,1237.0,"('Rufi Lake Drive Apartments', 1237.0)"
Sarai Kharbuza,1284.0,"('Sarai Kharbuza', 1284.0)"
Japan Road,727.0,"('Japan Road', 727.0)"
Saidpur,1259.0,"('Saidpur', 1259.0)"
Azadi Chowk,174.0,"('Azadi Chowk', 174.0)"
Punjab Govt. Servants Housing Foundation,1150.0,"('Punjab Govt. Servants Housing Foundation', 1150.0)"
Khalid Abad,796.0,"('Khalid Abad', 796.0)"
Dhok Naju,387.0,"('Dhok Naju', 387.0)"
Gobal Town,531.0,"('Gobal Town', 531.0)"
Dhok Hukamdad,382.0,"('Dhok Hukamdad', 382.0)"
Kamala Abad,775.0,"('Kamala Abad', 775.0)"
Canalberg Housing Society,266.0,"('Canalberg Housing Society', 266.0)"
Guru Mandir Chorangi,618.0,"('Guru Mandir Chorangi', 618.0)"
Kuri,841.0,"('Kuri', 841.0)"
Marwa Town,933.0,"('Marwa Town', 933.0)"
Kehkishan Colony No 1,792.0,"('Kehkishan Colony No 1', 792.0)"
Ismail Valley,706.0,"('Ismail Valley', 706.0)"
Rawal Road,1201.0,"('Rawal Road', 1201.0)"
Railway Road,1177.0,"('Railway Road', 1177.0)"
Lytton Road,892.0,"('Lytton Road', 892.0)"
Lahore - Jaranwala Road,849.0,"('Lahore - Jaranwala Road', 849.0)"
Nasirabad,1016.0,"('Nasirabad', 1016.0)"
D-14,344.0,"('D-14', 344.0)"
Orchard Scheme,1080.0,"('Orchard Scheme', 1080.0)"
Mumtaz City,987.0,"('Mumtaz City', 987.0)"
Imran Road,685.0,"('Imran Road', 685.0)"
Chakri,291.0,"('Chakri', 291.0)"
Bangash Colony,210.0,"('Bangash Colony', 210.0)"
Dhok Mangtal,385.0,"('Dhok Mangtal', 385.0)"
Mohallah Raja Sultan,967.0,"('Mohallah Raja Sultan', 967.0)"
Nadeem Town,1009.0,"('Nadeem Town', 1009.0)"
Shanghai Road,1340.0,"('Shanghai Road', 1340.0)"
Zaitoon Colony,1496.0,"('Zaitoon Colony', 1496.0)"
Nazir Garden Society,1037.0,"('Nazir Garden Society', 1037.0)"
Mian Colony,953.0,"('Mian Colony', 953.0)"
TIP Housing Society,1408.0,"('TIP Housing Society', 1408.0)"
Teacher Society,1425.0,"('Teacher Society', 1425.0)"
Amil Colony,129.0,"('Amil Colony', 129.0)"
Lawyers Society,878.0,"('Lawyers Society', 878.0)"
D-18,346.0,"('D-18', 346.0)"
E-12,416.0,"('E-12', 416.0)"
Taj Colony,1411.0,"('Taj Colony', 1411.0)"
Afghanabad,31.0,"('Afghanabad', 31.0)"
Rabbani Colony,1167.0,"('Rabbani Colony', 1167.0)"
Nawaz Colony,1030.0,"('Nawaz Colony', 1030.0)"
Dhok Kala Khan,383.0,"('Dhok Kala Khan', 383.0)"
Sahafi Colony,1256.0,"('Sahafi Colony', 1256.0)"
Royal Residencia,1236.0,"('Royal Residencia', 1236.0)"
Shadman 1,1300.0,"('Shadman 1', 1300.0)"
Khaira,795.0,"('Khaira', 795.0)"
Gulshan Colony,579.0,"('Gulshan Colony', 579.0)"
Mohammad Nagar,968.0,"('Mohammad Nagar', 968.0)"
Saifabad,1261.0,"('Saifabad', 1261.0)"
Khayaban-e-Faisal,810.0,"('Khayaban-e-Faisal', 810.0)"
Punjab Government Servant Housing Foundation (PGSHF),1147.0,"('Punjab Government Servant Housing Foundation (PGSHF)', 1147.0)"
Ravi Road,1199.0,"('Ravi Road', 1199.0)"
Saroba Gardens Housing Society,1287.0,"('Saroba Gardens Housing Society', 1287.0)"
Aitchison Society,55.0,"('Aitchison Society', 55.0)"
Gawala Colony,517.0,"('Gawala Colony', 517.0)"
Nizamabad,1063.0,"('Nizamabad', 1063.0)"
Islamabad Colony,695.0,"('Islamabad Colony', 695.0)"
Ashrafi Town,146.0,"('Ashrafi Town', 146.0)"
Chattar,300.0,"('Chattar', 300.0)"
Chak Jhumra,284.0,"('Chak Jhumra', 284.0)"
Sir Syed Chowk,1365.0,"('Sir Syed Chowk', 1365.0)"
Kiyani Road,827.0,"('Kiyani Road', 827.0)"
Clifton Township,326.0,"('Clifton Township', 326.0)"
Qilla Gujjar Singh,1162.0,"('Qilla Gujjar Singh', 1162.0)"
Lakhodher,861.0,"('Lakhodher', 861.0)"
Wyeth Employees Coop Housing,1486.0,"('Wyeth Employees Coop Housing', 1486.0)"
Dream Villas,412.0,"('Dream Villas', 412.0)"
Old Queens Road,1076.0,"('Old Queens Road', 1076.0)"
Sohan Valley,1375.0,"('Sohan Valley', 1375.0)"
Golra Road,536.0,"('Golra Road', 536.0)"
Daewoo Road,352.0,"('Daewoo Road', 352.0)"
New Green Town,1046.0,"('New Green Town', 1046.0)"
Himat Pura,657.0,"('Himat Pura', 657.0)"
Abid Majeed Road,22.0,"('Abid Majeed Road', 22.0)"
Ibrahim Colony,677.0,"('Ibrahim Colony', 677.0)"
Al Haram Garden,68.0,"('Al Haram Garden', 68.0)"
Karbath,782.0,"('Karbath', 782.0)"
Khudadad Colony,821.0,"('Khudadad Colony', 821.0)"
Yasrab Colony,1487.0,"('Yasrab Colony', 1487.0)"
Bawa Chack 120 JB,218.0,"('Bawa Chack 120 JB', 218.0)"
Santpura,1281.0,"('Santpura', 1281.0)"
Dhok Chiragh Din,379.0,"('Dhok Chiragh Din', 379.0)"
Guldasht Town,565.0,"('Guldasht Town', 565.0)"
Qartaba Chowk,1156.0,"('Qartaba Chowk', 1156.0)"
Lalarukh Colony,864.0,"('Lalarukh Colony', 864.0)"
Wocland Villas,1485.0,"('Wocland Villas', 1485.0)"
Davis Road,363.0,"('Davis Road', 363.0)"
Qayyumabad,1160.0,"('Qayyumabad', 1160.0)"
Stadium Road,1378.0,"('Stadium Road', 1378.0)"
PTV Society,1100.0,"('PTV Society', 1100.0)"
Madina Gardens,898.0,"('Madina Gardens', 898.0)"
Ashraf Colony,144.0,"('Ashraf Colony', 144.0)"
Sabzazar,1245.0,"('Sabzazar', 1245.0)"
Bankers Colony,213.0,"('Bankers Colony', 213.0)"
Kohinoor City,829.0,"('Kohinoor City', 829.0)"
Ali View Garden,111.0,"('Ali View Garden', 111.0)"
Angoori Bagh,136.0,"('Angoori Bagh', 136.0)"
Times Residency,1436.0,"('Times Residency', 1436.0)"
Waris Khan,1477.0,"('Waris Khan', 1477.0)"
Prem Nagar,1140.0,"('Prem Nagar', 1140.0)"
Immad Garden Housing Scheme,684.0,"('Immad Garden Housing Scheme', 684.0)"
Malot,916.0,"('Malot', 916.0)"
Lyallpur Town,889.0,"('Lyallpur Town', 889.0)"
Jan Muhammad Road,725.0,"('Jan Muhammad Road', 725.0)"
Aman Town,123.0,"('Aman Town', 123.0)"
Green Acres Housing Society,543.0,"('Green Acres Housing Society', 543.0)"
Naval Farms Housing Scheme,1024.0,"('Naval Farms Housing Scheme', 1024.0)"
Jhaal Chowk,736.0,"('Jhaal Chowk', 736.0)"
Mumtaz Colony,988.0,"('Mumtaz Colony', 988.0)"
Malik Colony,909.0,"('Malik Colony', 909.0)"
Mall Road,915.0,"('Mall Road', 915.0)"
Lahore - Islamabad Motorway,848.0,"('Lahore - Islamabad Motorway', 848.0)"
Teachers Society,1426.0,"('Teachers Society', 1426.0)"
Ibn-e-Sina Road,676.0,"('Ibn-e-Sina Road', 676.0)"
DHA City,349.0,"('DHA City', 349.0)"
Haji Park Housing Scheme,631.0,"('Haji Park Housing Scheme', 631.0)"
Bhaini Road,227.0,"('Bhaini Road', 227.0)"
Lahore - Kasur Road,850.0,"('Lahore - Kasur Road', 850.0)"
Murababad,993.0,"('Murababad', 993.0)"
Raja Bazar,1182.0,"('Raja Bazar', 1182.0)"
Chungi No. 22 Road,316.0,"('Chungi No. 22 Road', 316.0)"
Kahuta Triangle Industrial Area,766.0,"('Kahuta Triangle Industrial Area', 766.0)"
Data Darbar Road,360.0,"('Data Darbar Road', 360.0)"
Al Barkat Villas,61.0,"('Al Barkat Villas', 61.0)"
Ghausia Colony,522.0,"('Ghausia Colony', 522.0)"
Jamil Town,722.0,"('Jamil Town', 722.0)"
Gulberg Valley,564.0,"('Gulberg Valley', 564.0)"
Zubair Colony,1506.0,"('Zubair Colony', 1506.0)"
Professors Colony,1142.0,"('Professors Colony', 1142.0)"
City Villas,321.0,"('City Villas', 321.0)"
Mohan Pura,970.0,"('Mohan Pura', 970.0)"
Azmat Town,180.0,"('Azmat Town', 180.0)"
Land Breeze Housing Society,870.0,"('Land Breeze Housing Society', 870.0)"
Bhatti Colony,230.0,"('Bhatti Colony', 230.0)"
Acro Green - Bankers Avenue,27.0,"('Acro Green - Bankers Avenue', 27.0)"
Faizabad,461.0,"('Faizabad', 461.0)"
Data Ganj Bakhsh Town,362.0,"('Data Ganj Bakhsh Town', 362.0)"
Rehman Town,1216.0,"('Rehman Town', 1216.0)"
Gulshan-e-Umair,611.0,"('Gulshan-e-Umair', 611.0)"
Mauripur Road,940.0,"('Mauripur Road', 940.0)"
Malir Housing Scheme 1,913.0,"('Malir Housing Scheme 1', 913.0)"
Shah Dara,1304.0,"('Shah Dara', 1304.0)"
Raza Garden,1208.0,"('Raza Garden', 1208.0)"
Batapur,216.0,"('Batapur', 216.0)"
Old Clifton,1075.0,"('Old Clifton', 1075.0)"
Munianwala,990.0,"('Munianwala', 990.0)"
Kehkishan Colony No 2,793.0,"('Kehkishan Colony No 2', 793.0)"
Siddiqia Society (College Road),1358.0,"('Siddiqia Society (College Road)', 1358.0)"
Altaf Colony,121.0,"('Altaf Colony', 121.0)"
I. I. Chundrigar Road,672.0,"('I. I. Chundrigar Road', 672.0)"
Islamabad Enclave,696.0,"('Islamabad Enclave', 696.0)"
Farooq-e-Azam Road,468.0,"('Farooq-e-Azam Road', 468.0)"
Tariq Ismail Road,1419.0,"('Tariq Ismail Road', 1419.0)"
Pine Villas,1132.0,"('Pine Villas', 1132.0)"
Atari Saroba,166.0,"('Atari Saroba', 166.0)"
Sitara Sapna City,1370.0,"('Sitara Sapna City', 1370.0)"
Mason Road,936.0,"('Mason Road', 936.0)"
Dubban Pura,414.0,"('Dubban Pura', 414.0)"
Sitara Valley,1372.0,"('Sitara Valley', 1372.0)"
Gulzar Colony,615.0,"('Gulzar Colony', 615.0)"
Thethar,1434.0,"('Thethar', 1434.0)"
Chapal Courtyard,296.0,"('Chapal Courtyard', 296.0)"
Millat Chowk,957.0,"('Millat Chowk', 957.0)"
Gulbahar Park,560.0,"('Gulbahar Park', 560.0)"
HBFC Housing Society,626.0,"('HBFC Housing Society', 626.0)"
Nadeem Shaheed Road,1008.0,"('Nadeem Shaheed Road', 1008.0)"
Gatwala Park Road,515.0,"('Gatwala Park Road', 515.0)"
Gorakhpur,537.0,"('Gorakhpur', 537.0)"
Faisal Valley,457.0,"('Faisal Valley', 457.0)"
New Canal Park,1043.0,"('New Canal Park', 1043.0)"
UMT Society,1450.0,"('UMT Society', 1450.0)"
circular road,1508.0,"('circular road', 1508.0)"
Partal Town,1120.0,"('Partal Town', 1120.0)"
Pindorian,1131.0,"('Pindorian', 1131.0)"
Gulistan-e-Jinnah Colony,574.0,"('Gulistan-e-Jinnah Colony', 574.0)"
Al-Safaa Garden,101.0,"('Al-Safaa Garden', 101.0)"
Nazim-ud-din Road,1034.0,"('Nazim-ud-din Road', 1034.0)"
Kamal Abad,774.0,"('Kamal Abad', 774.0)"
Tezab Mill Road,1430.0,"('Tezab Mill Road', 1430.0)"
Intelligence Colony,688.0,"('Intelligence Colony', 688.0)"
Shahrah-e-Pakistan,1327.0,"('Shahrah-e-Pakistan', 1327.0)"
Sehala Farm House,1295.0,"('Sehala Farm House', 1295.0)"
Bilal Nagar,235.0,"('Bilal Nagar', 235.0)"
Chaudhary Colony,304.0,"('Chaudhary Colony', 304.0)"
Jati Umra Road,732.0,"('Jati Umra Road', 732.0)"
Prime Homes 1,1141.0,"('Prime Homes 1', 1141.0)"
Amina Park,131.0,"('Amina Park', 131.0)"
Abdullah Garden,18.0,"('Abdullah Garden', 18.0)"
Gujjarpura,555.0,"('Gujjarpura', 555.0)"
Nayyab Villas,1032.0,"('Nayyab Villas', 1032.0)"
Hajveeri Town,632.0,"('Hajveeri Town', 632.0)"
Qasim Abad,1157.0,"('Qasim Abad', 1157.0)"
Umer Valley,1453.0,"('Umer Valley', 1453.0)"
Motorway City,981.0,"('Motorway City', 981.0)"
State Bank of Pakistan Staff Co-Operative Housing Society,1379.0,"('State Bank of Pakistan Staff Co-Operative Housing Society', 1379.0)"
Ideal Homes Society,679.0,"('Ideal Homes Society', 679.0)"
Qasurpura,1159.0,"('Qasurpura', 1159.0)"
C-14,250.0,"('C-14', 250.0)"
Inmol Society,687.0,"('Inmol Society', 687.0)"
Khurrianwala Town,824.0,"('Khurrianwala Town', 824.0)"
Shahra-e-Usman,1326.0,"('Shahra-e-Usman', 1326.0)"
Gulshan-E-Mustafa Housing Society,588.0,"('Gulshan-E-Mustafa Housing Society', 588.0)"
Nain Sukh,1011.0,"('Nain Sukh', 1011.0)"
Aqsa Town,137.0,"('Aqsa Town', 137.0)"
Ataturk Avenue,167.0,"('Ataturk Avenue', 167.0)"
Mian Amiruddin Park,951.0,"('Mian Amiruddin Park', 951.0)"
Faisalabad Sangla Hill Road,458.0,"('Faisalabad Sangla Hill Road', 458.0)"
Numaish Chowrangi,1069.0,"('Numaish Chowrangi', 1069.0)"
Phulgran,1129.0,"('Phulgran', 1129.0)"
Malipura,911.0,"('Malipura', 911.0)"
Illahi Abad,682.0,"('Illahi Abad', 682.0)"
Dhok Mustaqeem Road,386.0,"('Dhok Mustaqeem Road', 386.0)"
Dhoke Ratta,397.0,"('Dhoke Ratta', 397.0)"
Gujjar Chowk,553.0,"('Gujjar Chowk', 553.0)"
Capital Smart City,271.0,"('Capital Smart City', 271.0)"
Ahsan Grand City,44.0,"('Ahsan Grand City', 44.0)"
Al-Manzar Society,97.0,"('Al-Manzar Society', 97.0)"
Fateh Jang Road,471.0,"('Fateh Jang Road', 471.0)"
Data Ganj Bakhsh Road,361.0,"('Data Ganj Bakhsh Road', 361.0)"
Kacha Road,759.0,"('Kacha Road', 759.0)"
Khana Kacha Road,799.0,"('Khana Kacha Road', 799.0)"
Alpha Society,120.0,"('Alpha Society', 120.0)"
Royal Defence Tower,1234.0,"('Royal Defence Tower', 1234.0)"
Ideal Town,680.0,"('Ideal Town', 680.0)"
Queens Road,1165.0,"('Queens Road', 1165.0)"
Saman Berg,1268.0,"('Saman Berg', 1268.0)"
Chak 279/RB Kalan,281.0,"('Chak 279/RB Kalan', 281.0)"
Green Park,549.0,"('Green Park', 549.0)"
Bahadurabad,194.0,"('Bahadurabad', 194.0)"
Poonch Road,1139.0,"('Poonch Road', 1139.0)"
Royal Avenue,1232.0,"('Royal Avenue', 1232.0)"
Ismail City,704.0,"('Ismail City', 704.0)"
Mughal Abad Road,983.0,"('Mughal Abad Road', 983.0)"
Mominpura Road,977.0,"('Mominpura Road', 977.0)"
Gangaal,507.0,"('Gangaal', 507.0)"
Budduke Manak Road,247.0,"('Budduke Manak Road', 247.0)"
Madina Homes,899.0,"('Madina Homes', 899.0)"
Siraj-ud-Daula Road,1368.0,"('Siraj-ud-Daula Road', 1368.0)"
Bokra Road,243.0,"('Bokra Road', 243.0)"
Chak 8 JB Punj Garain,282.0,"('Chak 8 JB Punj Garain', 282.0)"
Lakhu Road,862.0,"('Lakhu Road', 862.0)"
Chak 209 RB Akalgarh,280.0,"('Chak 209 RB Akalgarh', 280.0)"
Race Course Road,1170.0,"('Race Course Road', 1170.0)"
Taj Residencia,1412.0,"('Taj Residencia', 1412.0)"
Jhanda Chichi,737.0,"('Jhanda Chichi', 737.0)"
Gulistan Fatima Colony,572.0,"('Gulistan Fatima Colony', 572.0)"
FDA City,450.0,"('FDA City', 450.0)"
Chapal Skymark,297.0,"('Chapal Skymark', 297.0)"
Park Enclave,1114.0,"('Park Enclave', 1114.0)"
New Katarian,1048.0,"('New Katarian', 1048.0)"
Gulshan-e-Habib,594.0,"('Gulshan-e-Habib', 594.0)"
Kiran Villas,826.0,"('Kiran Villas', 826.0)"
Yousaf Colony,1491.0,"('Yousaf Colony', 1491.0)"
Mushtaq Park - Phase 3,995.0,"('Mushtaq Park - Phase 3', 995.0)"
Liaqat Road,880.0,"('Liaqat Road', 880.0)"
Samanabad Road,1270.0,"('Samanabad Road', 1270.0)"
Chakbeli Road,286.0,"('Chakbeli Road', 286.0)"
Saqib Town,1282.0,"('Saqib Town', 1282.0)"
Gulshan-e-Jami,599.0,"('Gulshan-e-Jami', 599.0)"
Gadap Road,504.0,"('Gadap Road', 504.0)"
Wapda Colony,1474.0,"('Wapda Colony', 1474.0)"
Rehmanpura (Harbanspura),1221.0,"('Rehmanpura (Harbanspura)', 1221.0)"
Gulshan-e-Safeer,609.0,"('Gulshan-e-Safeer', 609.0)"
Gulshan-E-Faisal,586.0,"('Gulshan-E-Faisal', 586.0)"
APP Employees Co-operative Housing Society,5.0,"('APP Employees Co-operative Housing Society', 5.0)"
Ghalib Colony,520.0,"('Ghalib Colony', 520.0)"
Public Health Society,1143.0,"('Public Health Society', 1143.0)"
Bhogiwal,231.0,"('Bhogiwal', 231.0)"
Shah Khawar Town,1311.0,"('Shah Khawar Town', 1311.0)"
Gulshan-e-Ahbab,589.0,"('Gulshan-e-Ahbab', 589.0)"
Chaudhary Jan Colony,305.0,"('Chaudhary Jan Colony', 305.0)"
NFC 2,1003.0,"('NFC 2', 1003.0)"
Chak 208 RB Dogranwala,278.0,"('Chak 208 RB Dogranwala', 278.0)"
Hakim Muhammad Ajmal Khan Road,634.0,"('Hakim Muhammad Ajmal Khan Road', 634.0)"
Nanak Pura,1012.0,"('Nanak Pura', 1012.0)"
Adan Villas,28.0,"('Adan Villas', 28.0)"
H-11,620.0,"('H-11', 620.0)"
Ilahi Abad,681.0,"('Ilahi Abad', 681.0)"
Al Rehmat Villas,83.0,"('Al Rehmat Villas', 83.0)"
Amir Town,133.0,"('Amir Town', 133.0)"
Gulshan-e-Malir,602.0,"('Gulshan-e-Malir', 602.0)"
Mediacom Avenue,944.0,"('Mediacom Avenue', 944.0)"
Railway Scheme 9,1178.0,"('Railway Scheme 9', 1178.0)"
Laraib Garden,872.0,"('Laraib Garden', 872.0)"
Al Qaim Town,79.0,"('Al Qaim Town', 79.0)"
Police Foundation Housing Society,1137.0,"('Police Foundation Housing Society', 1137.0)"
Gulshan-e-Yaseen Housing Society,613.0,"('Gulshan-e-Yaseen Housing Society', 613.0)"
Ayub National Park,173.0,"('Ayub National Park', 173.0)"
Atomic Energy Employee Society,169.0,"('Atomic Energy Employee Society', 169.0)"
Government Transport Headquarters Cooperative Housing Society,541.0,"('Government Transport Headquarters Cooperative Housing Society', 541.0)"
Al-Wahab Garden - Phase 1,102.0,"('Al-Wahab Garden - Phase 1', 102.0)"
University Town,1455.0,"('University Town', 1455.0)"
Green Park Society,550.0,"('Green Park Society', 550.0)"
PIDC,1098.0,"('PIDC', 1098.0)"
Sunflower Housing Society,1394.0,"('Sunflower Housing Society', 1394.0)"
GTS Chowk,503.0,"('GTS Chowk', 503.0)"
Sher Shah Suri Road,1346.0,"('Sher Shah Suri Road', 1346.0)"
Takht Pari,1414.0,"('Takht Pari', 1414.0)"
Gulshan-e-Haram,595.0,"('Gulshan-e-Haram', 595.0)"
T & T Colony,1406.0,"('T & T Colony', 1406.0)"
LDA City,846.0,"('LDA City', 846.0)"
Mian Mir Colony,954.0,"('Mian Mir Colony', 954.0)"
C-19,252.0,"('C-19', 252.0)"
Park View City,1117.0,"('Park View City', 1117.0)"
Cooper Road,332.0,"('Cooper Road', 332.0)"
Gulshan-e-Ali Housing Scheme,590.0,"('Gulshan-e-Ali Housing Scheme', 590.0)"
Top City 1,1440.0,"('Top City 1', 1440.0)"
Diamond City,401.0,"('Diamond City', 401.0)"
Punjab Small Industries Estate,1152.0,"('Punjab Small Industries Estate', 1152.0)"
Farooqabad,469.0,"('Farooqabad', 469.0)"
Ferozepur City,478.0,"('Ferozepur City', 478.0)"
Jagiot Road,712.0,"('Jagiot Road', 712.0)"
Railway Officers Colony,1176.0,"('Railway Officers Colony', 1176.0)"
Sunfort Gardens,1395.0,"('Sunfort Gardens', 1395.0)"
Montgomery Road,978.0,"('Montgomery Road', 978.0)"
Kohinoor Town,830.0,"('Kohinoor Town', 830.0)"
Jalal Colony,714.0,"('Jalal Colony', 714.0)"
Sahianwala,1257.0,"('Sahianwala', 1257.0)"
Ameen Town,126.0,"('Ameen Town', 126.0)"
Kallar Syedan,771.0,"('Kallar Syedan', 771.0)"
Sui Gas Employees Cooperative Housing Society,1385.0,"('Sui Gas Employees Cooperative Housing Society', 1385.0)"
Venus Housing Scheme,1461.0,"('Venus Housing Scheme', 1461.0)"
Saadi Park,1243.0,"('Saadi Park', 1243.0)"
Umair Town,1451.0,"('Umair Town', 1451.0)"
Defence Fort Housing Scheme,366.0,"('Defence Fort Housing Scheme', 366.0)"
Supreme Villas,1400.0,"('Supreme Villas', 1400.0)"
Civil Defence,322.0,"('Civil Defence', 322.0)"
Javed Colony - Ghazi Road,734.0,"('Javed Colony - Ghazi Road', 734.0)"
Athal,168.0,"('Athal', 168.0)"
Rawat Enclave,1205.0,"('Rawat Enclave', 1205.0)"
Akbar Town,60.0,"('Akbar Town', 60.0)"
Faisal Ghuman Road,454.0,"('Faisal Ghuman Road', 454.0)"
Circular Road,318.0,"('Circular Road', 318.0)"
Imam Bara Road,683.0,"('Imam Bara Road', 683.0)"
Catholic Colony,272.0,"('Catholic Colony', 272.0)"
Akbar Chowk,58.0,"('Akbar Chowk', 58.0)"
Chak Bahga,283.0,"('Chak Bahga', 283.0)"
Ghousia Colony,526.0,"('Ghousia Colony', 526.0)"
Zafar ul Haq Road,1493.0,"('Zafar ul Haq Road', 1493.0)"
Yazdani Road,1488.0,"('Yazdani Road', 1488.0)"
City Garden,320.0,"('City Garden', 320.0)"
Tumair,1447.0,"('Tumair', 1447.0)"
Judicial Employees Coop Housing Society,751.0,"('Judicial Employees Coop Housing Society', 751.0)"
Sunderdas Road,1393.0,"('Sunderdas Road', 1393.0)"
PTV Colony,1099.0,"('PTV Colony', 1099.0)"
Raheemabad,1173.0,"('Raheemabad', 1173.0)"
Sharaqpur Road,1341.0,"('Sharaqpur Road', 1341.0)"
Zone 5,1504.0,"('Zone 5', 1504.0)"
Abu Alkhair Road,25.0,"('Abu Alkhair Road', 25.0)"
"Faisalabad, Punjab",459.0,"('Faisalabad, Punjab', 459.0)"
Asif Town,148.0,"('Asif Town', 148.0)"
Dhoke Dalal Road,392.0,"('Dhoke Dalal Road', 392.0)"
PAF Society,1089.0,"('PAF Society', 1089.0)"
Nooriabad,1065.0,"('Nooriabad', 1065.0)"
Old Ravians Co-Operative Housing Society,1077.0,"('Old Ravians Co-Operative Housing Society', 1077.0)"
Police Society,1138.0,"('Police Society', 1138.0)"
Altaf Hussain Road,122.0,"('Altaf Hussain Road', 122.0)"
Federal Government Employees Housing Foundation,477.0,"('Federal Government Employees Housing Foundation', 477.0)"
Firdous Colony,481.0,"('Firdous Colony', 481.0)"
Samsani Road,1274.0,"('Samsani Road', 1274.0)"
Chirah,313.0,"('Chirah', 313.0)"
Gulfishan Town,567.0,"('Gulfishan Town', 567.0)"
Bagh Sardaran,191.0,"('Bagh Sardaran', 191.0)"
Infantry Road,686.0,"('Infantry Road', 686.0)"
Al-Jadeed Residency,93.0,"('Al-Jadeed Residency', 93.0)"
Sozo Town,1376.0,"('Sozo Town', 1376.0)"
"Lahore, Punjab",859.0,"('Lahore, Punjab', 859.0)"
Al Fayaz Colony,64.0,"('Al Fayaz Colony', 64.0)"
Hamza Villas,639.0,"('Hamza Villas', 639.0)"
Tandlianwala Town,1416.0,"('Tandlianwala Town', 1416.0)"
Capital Awami Villas,269.0,"('Capital Awami Villas', 269.0)"
Munir Garden,991.0,"('Munir Garden', 991.0)"
Vista Homes,1463.0,"('Vista Homes', 1463.0)"
Gulshan-e-Millat,603.0,"('Gulshan-e-Millat', 603.0)"
Mayo Gardens,941.0,"('Mayo Gardens', 941.0)"
Kuri Model Town,842.0,"('Kuri Model Town', 842.0)"
Dhok Elahi Baksh,380.0,"('Dhok Elahi Baksh', 380.0)"
Sangjani,1279.0,"('Sangjani', 1279.0)"
Sundar Road,1392.0,"('Sundar Road', 1392.0)"
Siddiqia Mill Colony,1357.0,"('Siddiqia Mill Colony', 1357.0)"
Bagh-e-Korangi,192.0,"('Bagh-e-Korangi', 192.0)"
Beaumont Road,221.0,"('Beaumont Road', 221.0)"
Aiza Garden,56.0,"('Aiza Garden', 56.0)"
Momin Pura,975.0,"('Momin Pura', 975.0)"
Rehmanabad,1218.0,"('Rehmanabad', 1218.0)"
Tahir Villa,1409.0,"('Tahir Villa', 1409.0)"
OPF Valley,1072.0,"('OPF Valley', 1072.0)"
Raja Akhtar Road,1181.0,"('Raja Akhtar Road', 1181.0)"
Khayaban-e-Zohra,818.0,"('Khayaban-e-Zohra', 818.0)"
Dilawar Colony,404.0,"('Dilawar Colony', 404.0)"
Lawyers Housing Society,877.0,"('Lawyers Housing Society', 877.0)"
Hall Road,636.0,"('Hall Road', 636.0)"
Victoria Heights,1462.0,"('Victoria Heights', 1462.0)"
Jamal Homes,718.0,"('Jamal Homes', 718.0)"
"Islamabad, Islamabad Capital",701.0,"('Islamabad, Islamabad Capital', 701.0)"
Alhamra Avenue,104.0,"('Alhamra Avenue', 104.0)"
Diglus Pura,402.0,"('Diglus Pura', 402.0)"
Gulshan Rehman,583.0,"('Gulshan Rehman', 583.0)"
Mian Zulfiqar Ali Shahid Road,955.0,"('Mian Zulfiqar Ali Shahid Road', 955.0)"
Akbar Colony,59.0,"('Akbar Colony', 59.0)"
Saiden Shah Colony,1258.0,"('Saiden Shah Colony', 1258.0)"
Hassan Goth,646.0,"('Hassan Goth', 646.0)"
Rang Mahal,1190.0,"('Rang Mahal', 1190.0)"
Naveed Garden,1026.0,"('Naveed Garden', 1026.0)"
Muzaffar Colony,1001.0,"('Muzaffar Colony', 1001.0)"
Madar-e-Millat Road,896.0,"('Madar-e-Millat Road', 896.0)"
Garja,512.0,"('Garja', 512.0)"
Islamabad View Valley,700.0,"('Islamabad View Valley', 700.0)"
Gulshan-E-Iqbal,587.0,"('Gulshan-E-Iqbal', 587.0)"
Al Madina Avenue,74.0,"('Al Madina Avenue', 74.0)"
"Karachi, Sindh",779.0,"('Karachi, Sindh', 779.0)"
Lakshmi Chowk,863.0,"('Lakshmi Chowk', 863.0)"
Park View,1116.0,"('Park View', 1116.0)"
Naseerabad,1014.0,"('Naseerabad', 1014.0)"
Urdu Bazar,1457.0,"('Urdu Bazar', 1457.0)"
New Airport Town,1042.0,"('New Airport Town', 1042.0)"
Burj Mandi,248.0,"('Burj Mandi', 248.0)"
Muqaddas Park,992.0,"('Muqaddas Park', 992.0)"
Hoshang Road,659.0,"('Hoshang Road', 659.0)"
Gul Colony,556.0,"('Gul Colony', 556.0)"
Noor Jahan Road,1064.0,"('Noor Jahan Road', 1064.0)"
Al-Jannat Housing Society - Kahna,94.0,"('Al-Jannat Housing Society - Kahna', 94.0)"
Goth Ibrahim Haidri,539.0,"('Goth Ibrahim Haidri', 539.0)"
Darul Aman Society,358.0,"('Darul Aman Society', 358.0)"
Shahtaj Colony,1328.0,"('Shahtaj Colony', 1328.0)"
Gulshan Farooq Scheme,581.0,"('Gulshan Farooq Scheme', 581.0)"
Agro Farming Scheme,36.0,"('Agro Farming Scheme', 36.0)"
Karakoram Enclave 1,781.0,"('Karakoram Enclave 1', 781.0)"
Dhabeji,371.0,"('Dhabeji', 371.0)"
Blue Bell Residency,242.0,"('Blue Bell Residency', 242.0)"
Rasheed Nagar,1193.0,"('Rasheed Nagar', 1193.0)"
Tarogill,1424.0,"('Tarogill', 1424.0)"
Baba Fareed Road,184.0,"('Baba Fareed Road', 184.0)"
"Rawalpindi, Punjab",1203.0,"('Rawalpindi, Punjab', 1203.0)"
Rehman Housing Society,1213.0,"('Rehman Housing Society', 1213.0)"
Al Jameel Housing Scheme,71.0,"('Al Jameel Housing Scheme', 71.0)"
Qamar Garden,1155.0,"('Qamar Garden', 1155.0)"
Officer Colony,1073.0,"('Officer Colony', 1073.0)"
Makkah Commercial Market,906.0,"('Makkah Commercial Market', 906.0)"
Airport Avenue Housing Society,50.0,"('Airport Avenue Housing Society', 50.0)"
Country Homes,335.0,"('Country Homes', 335.0)"
Divine Homes,407.0,"('Divine Homes', 407.0)"
Kacha Lawrence Road,758.0,"('Kacha Lawrence Road', 758.0)"
Heir,652.0,"('Heir', 652.0)"
Kahuta Road,765.0,"('Kahuta Road', 765.0)"
Saadat Avenue,1242.0,"('Saadat Avenue', 1242.0)"
Rawat Industrial Estate,1206.0,"('Rawat Industrial Estate', 1206.0)"
Dhok Chaudhrian,378.0,"('Dhok Chaudhrian', 378.0)"
Lalazar 2,867.0,"('Lalazar 2', 867.0)"
Kingdom Valley Islamabad,825.0,"('Kingdom Valley Islamabad', 825.0)"
Sikandar Road,1361.0,"('Sikandar Road', 1361.0)"
Rehman Pura,1215.0,"('Rehman Pura', 1215.0)"
Pakistan Intelligence Bureau Housing Society,1107.0,"('Pakistan Intelligence Bureau Housing Society', 1107.0)"
Askari 5,161.0,"('Askari 5', 161.0)"
Zaman Park,1498.0,"('Zaman Park', 1498.0)"
Marir Hassan,932.0,"('Marir Hassan', 932.0)"
Gujjar Colony,554.0,"('Gujjar Colony', 554.0)"
Banni Chowk,215.0,"('Banni Chowk', 215.0)"
Mominpur,976.0,"('Mominpur', 976.0)"
Gulistan-e-Malir,575.0,"('Gulistan-e-Malir', 575.0)"
Bethsaida Colony,225.0,"('Bethsaida Colony', 225.0)"
Dhok Babu Irfan,377.0,"('Dhok Babu Irfan', 377.0)"
Beadon Road,220.0,"('Beadon Road', 220.0)"
Jarahi,728.0,"('Jarahi', 728.0)"
Kala Khatai Road,768.0,"('Kala Khatai Road', 768.0)"
Nabha Road,1006.0,"('Nabha Road', 1006.0)"
Sadaat Town,1247.0,"('Sadaat Town', 1247.0)"
Mohlanwal Scheme,973.0,"('Mohlanwal Scheme', 973.0)"
Shahra-e-Jahangir,1323.0,"('Shahra-e-Jahangir', 1323.0)"
Rasool Nagar,1195.0,"('Rasool Nagar', 1195.0)"
Akalgarh,57.0,"('Akalgarh', 57.0)"
Lahore Villas,858.0,"('Lahore Villas', 858.0)"
Dijkot Road,403.0,"('Dijkot Road', 403.0)"
Ali Abad,105.0,"('Ali Abad', 105.0)"
Rehman Park,1214.0,"('Rehman Park', 1214.0)"
Ahlu Road,38.0,"('Ahlu Road', 38.0)"
Ahmed Town,43.0,"('Ahmed Town', 43.0)"
Bilal Road,236.0,"('Bilal Road', 236.0)"
Embassy Road,435.0,"('Embassy Road', 435.0)"
Khayaban-e-Iqbal,811.0,"('Khayaban-e-Iqbal', 811.0)"
Erum Villas,438.0,"('Erum Villas', 438.0)"
Eid Gah Road,432.0,"('Eid Gah Road', 432.0)"
Mian Aziz Garden,952.0,"('Mian Aziz Garden', 952.0)"
Chauburji,301.0,"('Chauburji', 301.0)"
Abbaspur,12.0,"('Abbaspur', 12.0)"
Farid Court Road,466.0,"('Farid Court Road', 466.0)"
Khawaja Ahmed Hassan Road,803.0,"('Khawaja Ahmed Hassan Road', 803.0)"
Raja Park,1184.0,"('Raja Park', 1184.0)"
Hudiara,661.0,"('Hudiara', 661.0)"
Gulshan-e-Rehman,606.0,"('Gulshan-e-Rehman', 606.0)"
Humaira Town,662.0,"('Humaira Town', 662.0)"
Lower Canal Road,887.0,"('Lower Canal Road', 887.0)"
Abdullah Town,20.0,"('Abdullah Town', 20.0)"
Engineering Co-operative Housing (ECHS),437.0,"('Engineering Co-operative Housing (ECHS)', 437.0)"
Model Town Humak,965.0,"('Model Town Humak', 965.0)"
Katar Bund Road,791.0,"('Katar Bund Road', 791.0)"
Marir,931.0,"('Marir', 931.0)"
NHA Housing Society,1004.0,"('NHA Housing Society', 1004.0)"
Central Avenue,274.0,"('Central Avenue', 274.0)"
Al-Raziq Garden,100.0,"('Al-Raziq Garden', 100.0)"
Haji Chowk,630.0,"('Haji Chowk', 630.0)"
Dhok Piran Faqiran,389.0,"('Dhok Piran Faqiran', 389.0)"
Gulshan View Residence Society,584.0,"('Gulshan View Residence Society', 584.0)"
Sitara Supreme City,1371.0,"('Sitara Supreme City', 1371.0)"
Airline Avenue,47.0,"('Airline Avenue', 47.0)"
Bahria Education & Medical City,197.0,"('Bahria Education & Medical City', 197.0)"
Tulspura,1446.0,"('Tulspura', 1446.0)"
Tulsa,1444.0,"('Tulsa', 1444.0)"
Gulshan-e-Ghazian,593.0,"('Gulshan-e-Ghazian', 593.0)"
Jalal Pura,715.0,"('Jalal Pura', 715.0)"
Rewaz Garden,1223.0,"('Rewaz Garden', 1223.0)"
National Garden Housing Scheme,1017.0,"('National Garden Housing Scheme', 1017.0)"
Dars Baray Mian,357.0,"('Dars Baray Mian', 357.0)"
H-8,624.0,"('H-8', 624.0)"
Shuja Road,1355.0,"('Shuja Road', 1355.0)"
New Samanabad,1051.0,"('New Samanabad', 1051.0)"
Maryam Town,934.0,"('Maryam Town', 934.0)"
Meharpura,946.0,"('Meharpura', 946.0)"
Al Masoom Town,75.0,"('Al Masoom Town', 75.0)"
Bankers Town,214.0,"('Bankers Town', 214.0)"
Gulzar E Ahbab Society,616.0,"('Gulzar E Ahbab Society', 616.0)"
Niamuana Bypass Road,1055.0,"('Niamuana Bypass Road', 1055.0)"
Khayaban-e-Manzoor,814.0,"('Khayaban-e-Manzoor', 814.0)"
CMH Road,255.0,"('CMH Road', 255.0)"
Mahmood Road,902.0,"('Mahmood Road', 902.0)"
PAF Residential Area,1088.0,"('PAF Residential Area', 1088.0)"
Gulshan-e-Riaz,607.0,"('Gulshan-e-Riaz', 607.0)"
Harchan Pura,644.0,"('Harchan Pura', 644.0)"
Sir Syed Road,1366.0,"('Sir Syed Road', 1366.0)"
Khawaja Gardens,804.0,"('Khawaja Gardens', 804.0)"
Hazara Colony,650.0,"('Hazara Colony', 650.0)"
Jamaluddin Afghani Road,719.0,"('Jamaluddin Afghani Road', 719.0)"
Damba,354.0,"('Damba', 354.0)"
Meraj Park,950.0,"('Meraj Park', 950.0)"
Saraich,1285.0,"('Saraich', 1285.0)"
Crescent Town,336.0,"('Crescent Town', 336.0)"
Kohati Bazar,828.0,"('Kohati Bazar', 828.0)"
Gulshan-e-Zaheer Colony,614.0,"('Gulshan-e-Zaheer Colony', 614.0)"
Gulnishan Park,576.0,"('Gulnishan Park', 576.0)"
SMD Homes,1241.0,"('SMD Homes', 1241.0)"
Karachi Golf City,777.0,"('Karachi Golf City', 777.0)"
Rana Shaukat Mehmood Road,1187.0,"('Rana Shaukat Mehmood Road', 1187.0)"
Canal View Hosuing Scheme,265.0,"('Canal View Hosuing Scheme', 265.0)"
Begum Kot,224.0,"('Begum Kot', 224.0)"
Mangopir,923.0,"('Mangopir', 923.0)"
Al-Hafeez Garden Road,86.0,"('Al-Hafeez Garden Road', 86.0)"
PAF Colony,1086.0,"('PAF Colony', 1086.0)"
Mateen Garden,938.0,"('Mateen Garden', 938.0)"
Wireless Residential Colony,1484.0,"('Wireless Residential Colony', 1484.0)"
Al Raheem Town,80.0,"('Al Raheem Town', 80.0)"
Sultan Colony,1388.0,"('Sultan Colony', 1388.0)"
Defence Fort,365.0,"('Defence Fort', 365.0)"
Malpur,917.0,"('Malpur', 917.0)"
Sihala Valley,1360.0,"('Sihala Valley', 1360.0)"
Jamia Masjid Road,721.0,"('Jamia Masjid Road', 721.0)"
Samanzar Colony,1271.0,"('Samanzar Colony', 1271.0)"
Shahra-e-Liaquat,1324.0,"('Shahra-e-Liaquat', 1324.0)"
Sundar,1391.0,"('Sundar', 1391.0)"
